afghanistan,0,2,1,0,2,2,0,1,0,0,0,1,0,0,1,1,0,1,2,1,2,1,1,1,0,0,1,1,0,0,0,2,1,1,0,1,2,2,1,1,1,1,1,1,0,0,0,2,3,1,1,1,1,1,1,0,1,2,0,0,0,2,1,0,0,1,0,1,1,2,2,2,3,1,0,0,0,0,0,1,1,1,0,0,1,0,1,0,1,1,1,0,2,0,0,1,2,1,1,0,0,0,0,2,2,0,2,1,0,0,2,0,1,0,2,0,0,1,1,2,1,1,1,0,0,0,1,1,2,1,1,0,2,1,2,1,1,0,1,1,0,0,0,0,0,0,2,2,1,2,0,2,1,2,1,0,1,2,1,1,0,2,1,0,2,0,1,3,1,2,0,0,1,0,2,2,0,0,2,1,1,1,1,0,2,2,1,2,1,1,0,2,1,0,1,0,1,2,2
albania,1,0,1,0,2,3,0,3,0,0,0,1,0,0,3,3,0,1,2,1,2,3,1,3,0,3,1,1,0,0,0,2,1,1,0,1,3,2,1,1,1,1,3,0,0,0,0,2,3,1,3,2,3,1,1,0,1,2,0,0,0,2,3,0,0,1,0,1,1,2,2,3,3,1,0,0,0,0,0,2,1,1,0,0,2,0,1,0,2,1,3,0,2,0,0,1,2,1,1,0,0,0,0,2,2,0,2,1,0,0,2,0,1,0,3,0,0,3,1,2,2,1,1,2,0,0,1,1,2,1,3,0,2,2,2,3,1,0,1,1,0,0,0,0,0,0,2,2,1,2,0,2,1,2,3,0,1,3,3,3,0,2,1,3,2,0,0,3,1,2,0,0,1,0,2,2,0,0,2,1,3,1,3,0,2,2,3,2,1,1,0,2,1,0,1,0,1,2,2
algeria,1,2,0,0,2,2,0,1,0,0,0,1,0,0,1,1,0,1,3,1,2,1,1,1,0,0,1,1,0,0,0,2,1,1,0,1,2,2,1,1,1,1,1,0,0,0,0,2,3,1,3,1,1,1,1,0,1,2,0,0,0,2,3,0,0,2,0,1,1,3,2,2,3,1,0,0,0,0,0,2,1,1,0,0,1,0,2,0,2,1,1,0,2,0,0,2,2,1,1,0,0,0,0,2,2,0,2,3,0,0,3,0,1,0,2,0,0,1,3,2,2,1,1,2,0,0,2,1,2,1,1,0,2,1,2,3,1,0,1,1,0,0,0,0,0,0,2,2,1,2,0,2,1,2,1,0,1,2,1,1,0,2,1,0,2,0,0,3,1,2,0,0,3,0,2,2,0,0,2,1,1,3,1,0,2,2,1,2,1,1,0,2,1,0,1,0,2,2,2
andorra,1,3,1,0,2,3,0,3,0,3,0,3,0,0,1,3,0,3,2,1,3,3,1,3,0,3,1,1,0,0,0,3,1,1,0,1,3,2,1,1,3,1,3,0,3,3,0,2,3,3,3,2,3,1,1,3,3,2,0,0,3,2,3,0,3,1,0,1,3,2,2,2,3,3,0,0,3,0,0,2,1,3,0,0,2,0,2,0,2,1,3,0,2,0,0,2,2,1,1,3,3,3,0,2,2,0,2,1,3,0,2,0,3,0,3,3,0,3,3,2,1,1,1,2,3,0,3,1,2,1,3,0,2,2,2,3,3,0,3,3,0,3,3,0,3,0,2,2,3,2,0,3,2,2,3,0,1,3,3,3,0,2,3,3,2,3,0,3,1,2,3,3,1,0,2,2,3,0,2,1,1,3,3,0,2,2,3,2,3,0,0,3,3,3,3,0,1,2,2
angola,1,2,1,0,0,2,0,1,0,0,0,1,0,0,1,1,0,1,3,1,2,1,3,1,0,0,1,1,0,0,0,3,1,1,0,1,2,2,1,1,1,1,1,0,0,0,0,2,3,1,2,1,1,1,1,0,1,2,0,0,0,2,3,0,0,2,0,1,1,2,2,2,3,1,0,0,0,0,0,2,1,1,0,0,1,0,1,0,2,1,1,0,2,0,0,1,2,1,1,0,0,0,0,2,2,0,2,1,0,0,2,0,1,0,2,0,0,1,1,3,1,3,1,2,0,0,2,1,2,1,1,0,2,2,2,1,3,0,1,1,0,0,0,0,0,0,3,2,1,2,0,3,1,2,1,0,1,3,1,1,0,2,3,0,2,0,0,3,1,2,0,0,1,0,2,2,0,0,2,1,1,3,1,0,2,3,1,2,1,1,0,2,1,0,1,0,1,3,3
antigua-and-barbuda,1,3,1,0,2,0,0,2,0,0,0,3,0,0,3,3,0,3,2,1,2,3,3,3,0,0,1,1,0,0,0,2,1,1,0,1,3,2,1,1,3,1,3,3,0,0,0,2,3,3,3,2,3,1,1,0,3,2,0,0,0,2,3,0,0,1,0,3,3,2,2,3,3,3,0,0,0,0,0,2,1,3,0,0,0,0,2,0,2,3,3,0,2,0,0,2,3,1,1,0,0,0,0,2,3,0,2,1,0,0,2,0,1,0,3,0,0,3,1,2,1,1,1,2,0,0,3,1,2,1,3,0,2,2,2,3,3,0,1,3,0,0,0,0,0,0,2,3,3,2,0,2,1,2,3,0,2,3,3,3,0,2,3,0,2,0,0,3,1,3,0,0,1,0,2,3,0,0,2,1,3,3,2,0,2,3,3,2,3,1,0,3,3,0,3,0,1,3,3
argentina,1,3,1,0,2,3,0,3,0,0,0,3,0,0,3,3,0,3,2,1,3,3,3,3,0,0,2,1,0,0,0,2,1,1,0,1,3,2,1,1,3,1,3,0,0,0,0,2,3,3,3,2,3,1,1,0,3,2,0,0,0,2,1,0,0,1,0,3,3,2,2,3,3,3,0,0,0,0,0,2,1,3,0,0,0,0,2,0,2,1,3,0,1,0,0,2,2,1,1,0,0,0,0,2,2,0,2,1,0,0,2,0,3,0,3,0,0,3,3,2,2,1,1,2,0,0,3,1,2,1,3,0,2,2,2,3,3,0,3,3,0,0,0,0,0,0,2,3,3,2,0,2,1,2,3,0,1,3,3,3,0,2,3,0,2,0,0,3,1,3,0,0,1,0,2,2,3,0,2,1,3,3,3,0,2,2,3,3,3,1,0,3,3,0,3,0,1,2,2
armenia,1,3,1,0,2,3,0,0,0,0,0,3,0,0,3,3,0,1,2,1,2,1,1,3,0,0,1,1,0,0,0,2,1,1,0,1,2,2,1,1,1,1,1,0,0,0,0,2,3,1,3,1,1,1,1,0,1,2,0,0,0,2,3,3,0,1,0,1,1,2,2,2,3,1,0,0,0,0,0,3,1,1,0,0,2,0,2,0,1,1,1,0,3,0,0,2,2,1,1,0,0,0,0,2,2,0,2,1,0,0,2,0,1,0,3,0,0,1,1,2,1,3,1,2,0,0,1,1,2,1,1,0,2,1,2,3,3,0,1,1,0,0,0,0,0,3,2,2,1,2,0,2,1,2,3,0,2,2,1,1,0,2,1,0,2,0,0,3,1,2,0,0,1,0,3,2,0,0,2,1,1,1,2,0,2,2,3,2,1,1,0,3,1,0,1,0,1,2,2
australia,1,3,1,3,2,3,0,3,0,0,0,3,0,0,3,3,0,3,2,1,3,3,3,3,0,3,2,1,0,0,0,2,1,1,0,1,3,2,1,1,3,1,3,0,3,3,0,2,3,3,3,2,3,1,1,3,3,2,0,3,3,2,3,0,3,1,3,3,3,2,2,3,3,3,0,0,3,0,0,2,2,3,0,3,0,0,2,0,2,3,3,0,3,0,0,2,3,1,1,3,3,3,0,2,2,0,2,1,3,0,2,0,3,0,3,3,0,3,3,2,2,3,1,2,3,0,3,1,2,1,3,0,2,2,2,3,3,0,2,3,0,3,3,0,3,0,2,3,3,2,3,2,2,2,3,0,2,3,3,3,0,2,3,0,2,0,0,3,1,2,0,3,1,0,2,2,3,0,2,2,2,3,2,0,2,2,3,2,3,0,0,3,3,3,3,0,1,2,2
austria,1,3,1,3,2,3,0,3,0,0,0,3,0,0,3,3,0,3,2,1,3,3,3,3,0,3,2,1,0,0,0,3,1,1,0,1,3,2,1,1,3,1,3,0,3,3,0,2,3,3,3,2,3,1,1,3,3,2,0,3,3,2,3,3,3,1,3,3,3,2,2,3,3,3,0,0,3,0,0,2,2,3,0,3,0,0,2,0,2,3,3,0,3,0,3,2,3,1,1,3,3,3,0,2,2,0,2,1,3,0,2,0,3,0,3,3,0,3,3,2,2,3,1,2,3,0,3,1,2,1,3,0,2,2,3,3,3,0,3,3,0,3,3,0,3,0,2,3,3,3,3,3,2,3,3,0,2,3,3,3,0,2,3,0,2,3,0,3,1,0,3,3,1,0,2,2,3,0,2,3,3,3,3,0,3,2,3,3,3,0,0,3,3,3,3,0,1,2,2
azerbaijan,1,3,1,0,2,3,0,0,0,0,0,3,0,0,3,3,0,1,2,1,2,3,1,1,0,0,1,1,0,0,0,2,1,1,0,1,3,2,1,1,1,1,1,0,0,0,0,2,3,1,3,1,1,1,1,0,1,2,0,0,0,2,3,3,0,1,0,1,1,2,2,2,3,1,0,0,0,0,0,3,1,1,0,0,2,0,2,0,1,1,1,0,3,0,0,2,2,1,1,0,0,0,0,2,2,0,2,1,0,0,2,0,1,0,3,0,0,3,1,2,1,3,1,2,0,0,2,1,2,1,3,0,2,2,2,3,1,0,1,1,0,0,0,0,0,3,2,2,1,2,0,2,1,2,3,0,2,2,1,1,0,2,1,0,2,0,0,3,1,2,0,0,1,0,3,2,0,0,2,1,1,3,3,0,2,2,3,2,1,1,0,3,3,0,1,0,1,2,2
bahamas,1,3,1,0,2,3,0,2,0,0,0,0,0,0,3,1,0,3,2,1,2,3,3,3,0,0,1,1,0,0,0,2,1,1,0,3,3,2,1,1,3,1,3,0,0,0,0,2,3,3,3,2,3,1,1,0,3,2,0,0,0,2,3,0,0,1,0,3,3,2,2,3,3,3,0,0,0,0,0,2,1,3,0,0,0,0,2,0,3,3,3,0,2,0,0,2,3,1,1,0,0,0,0,2,3,0,2,1,0,0,2,0,3,0,3,0,0,3,1,2,1,1,1,2,0,0,3,1,2,1,3,0,2,2,2,3,3,0,1,3,0,0,0,0,0,0,2,3,3,2,0,2,1,2,3,0,2,3,3,3,0,2,3,0,2,0,0,3,1,3,0,0,1,0,2,3,0,0,2,2,3,1,2,0,2,3,2,3,3,3,0,3,3,0,1,0,1,3,3
bahrain,1,2,1,0,2,2,0,2,0,0,0,3,0,0,3,3,0,1,2,1,2,3,3,1,0,0,1,1,0,0,0,2,1,1,0,1,2,2,1,1,1,1,1,0,0,0,0,2,3,3,3,3,3,1,1,0,1,2,0,0,0,2,1,3,0,1,0,1,3,2,2,2,3,3,0,0,0,0,0,2,1,1,0,0,1,0,3,0,2,1,3,0,3,0,0,3,2,1,1,0,0,0,0,2,2,0,2,1,0,0,2,0,1,0,2,0,0,1,3,2,1,1,1,2,0,0,3,1,2,1,1,0,3,2,2,3,1,0,1,1,0,0,0,3,0,0,2,3,1,2,0,2,3,2,3,0,2,3,1,1,0,2,1,0,2,0,0,3,1,2,0,0,3,0,2,2,3,0,2,1,1,3,2,0,2,2,3,3,1,1,0,2,3,0,1,0,2,2,2
bangladesh,1,2,1,0,2,2,0,1,0,0,0,3,0,0,3,1,0,1,2,3,2,1,1,1,0,0,1,1,0,0,0,2,1,1,0,1,2,2,1,1,1,1,1,1,0,0,0,2,3,1,1,1,1,1,1,0,1,2,0,0,0,2,3,0,0,1,0,3,1,2,2,2,3,1,0,0,0,0,0,1,1,1,0,0,0,0,1,0,2,1,1,0,2,0,0,1,3,1,1,0,0,0,0,2,2,0,2,1,0,0,2,0,1,0,2,0,0,1,1,1,2,1,1,2,0,0,1,1,2,1,1,0,2,2,1,1,1,0,1,1,0,0,0,0,0,0,2,3,1,2,0,2,1,2,1,0,2,2,1,1,0,2,1,0,2,0,0,3,1,2,0,0,1,0,2,2,0,0,2,1,3,1,1,0,2,2,1,2,1,1,0,2,3,0,1,0,1,2,2
barbados,1,3,1,0,2,3,0,2,0,0,0,3,0,3,0,3,0,3,2,1,2,3,3,3,0,0,1,1,0,0,0,2,1,1,0,3,3,2,1,1,3,1,3,3,0,0,0,2,3,3,3,1,3,3,1,0,3,2,0,0,0,2,3,0,0,3,0,3,3,2,2,3,3,3,0,0,0,0,0,2,1,3,0,0,0,0,2,0,3,3,3,0,2,0,0,2,3,1,1,0,0,0,0,2,3,0,2,1,0,0,2,0,3,0,3,0,0,3,1,2,1,1,1,2,0,0,3,1,2,1,3,0,2,2,2,3,3,0,1,3,0,0,0,0,0,0,2,3,3,2,0,2,1,2,3,0,2,3,3,3,0,2,3,3,2,0,0,3,1,3,0,0,1,0,2,3,0,0,2,2,3,3,2,0,2,3,2,3,3,1,0,3,3,0,1,0,1,3,3
belarus,1,2,1,0,2,3,0,3,0,0,0,1,0,0,3,0,0,1,2,1,2,1,1,3,0,0,1,1,0,0,0,2,1,1,0,3,2,2,1,1,1,1,1,3,0,0,0,2,3,1,3,1,1,1,1,0,1,2,0,0,0,2,3,3,0,1,0,1,1,2,2,2,3,1,0,0,0,0,0,2,1,1,0,0,2,0,2,3,2,1,1,0,3,0,0,2,2,1,1,0,0,0,0,2,2,0,2,1,0,0,2,0,1,0,3,0,0,3,1,2,2,3,1,2,0,0,3,1,2,1,1,0,2,2,2,3,3,0,1,3,0,0,0,0,0,3,2,3,1,2,0,2,1,2,3,0,2,2,1,1,0,2,1,0,2,0,0,3,1,2,0,0,1,0,3,2,0,0,2,1,1,2,3,0,2,2,3,3,1,1,0,3,3,0,1,0,1,2,2
belgium,1,3,1,3,2,3,0,3,0,3,0,3,0,0,3,3,0,3,2,1,3,3,3,3,0,3,2,1,0,0,0,3,1,1,0,1,3,2,1,1,3,1,3,0,3,3,0,2,3,3,3,2,3,1,1,3,3,2,0,3,3,2,3,3,3,1,3,3,3,2,2,3,3,3,0,0,3,0,0,2,2,3,0,3,0,0,2,0,2,3,3,0,3,0,3,2,3,1,1,3,3,3,0,2,2,0,2,1,3,0,2,0,3,0,3,3,0,3,3,2,2,3,1,2,3,0,3,1,2,1,3,0,2,2,3,3,3,0,3,3,0,3,3,0,3,0,2,3,3,3,3,3,2,3,3,0,2,3,3,3,0,2,3,0,2,3,0,3,1,0,3,3,1,0,2,2,3,0,2,3,3,3,3,0,3,2,3,3,3,0,0,3,3,3,3,0,1,2,2
belize,1,2,1,0,2,3,0,2,0,0,0,3,0,0,3,1,0,0,2,1,2,1,3,3,0,0,1,1,0,0,0,2,1,1,0,1,3,2,1,1,3,1,1,0,0,0,0,2,3,3,3,1,3,1,1,0,3,2,0,0,0,2,3,0,0,1,0,3,3,2,2,3,3,3,0,0,0,0,0,2,1,3,0,0,0,0,1,0,3,3,3,0,2,0,0,2,3,1,1,0,0,0,0,2,3,0,2,1,0,0,2,0,3,0,2,0,0,1,1,2,1,1,1,2,0,0,3,1,2,1,1,0,2,2,2,3,3,0,1,3,0,0,0,0,0,0,2,3,3,2,0,2,1,2,1,0,2,3,1,1,0,2,3,0,2,0,0,3,1,3,0,0,1,0,2,3,0,0,2,1,3,1,3,0,2,3,2,2,3,1,0,3,3,0,3,0,1,3,3
benin,1,2,1,0,2,2,0,1,0,0,0,1,0,0,1,1,0,1,0,1,2,1,1,1,0,0,3,1,0,0,0,3,3,2,0,1,2,2,2,1,1,3,1,0,0,0,0,2,3,1,3,1,1,1,1,0,1,2,0,0,0,2,3,0,0,3,0,1,1,3,3,2,3,1,0,0,0,0,0,2,1,1,0,0,1,0,1,0,2,1,1,0,2,0,0,1,2,3,1,0,0,0,0,2,2,0,2,3,0,0,2,0,1,0,2,0,0,1,1,2,1,2,1,2,0,0,2,3,3,1,1,0,2,2,2,1,1,0,1,1,0,0,0,0,0,0,3,2,2,2,0,2,1,3,1,0,3,3,1,1,0,2,3,0,2,0,0,3,1,2,0,0,1,0,2,2,0,0,3,1,1,3,1,0,2,2,1,2,1,1,0,2,1,0,1,0,1,2,2
bhutan,1,2,1,0,2,2,0,2,0,0,0,1,0,3,1,1,0,1,2,0,2,1,1,1,0,0,1,1,0,0,0,2,1,1,0,1,3,2,1,1,1,1,1,0,0,0,0,2,3,1,3,2,1,1,1,0,1,2,0,0,0,2,3,0,0,1,0,1,1,2,2,2,3,1,0,0,0,3,0,2,1,1,0,0,1,0,2,0,2,1,1,0,2,0,0,2,2,1,1,0,0,0,0,2,2,0,2,1,0,0,2,0,1,0,2,0,0,1,1,2,2,1,1,2,0,0,2,1,2,1,1,0,2,1,2,3,3,0,1,1,0,0,0,0,0,0,2,2,2,2,0,2,1,2,1,0,1,3,1,1,0,2,1,0,2,0,0,3,1,2,0,0,1,0,2,2,0,0,2,1,1,1,1,0,2,2,2,2,1,1,0,2,1,0,1,0,1,2,2
bolivia,1,2,1,0,2,3,3,2,0,0,0,3,0,0,1,1,0,3,2,1,0,1,1,3,0,0,1,1,0,0,0,2,1,1,0,1,3,2,1,1,3,1,1,0,0,0,0,2,3,3,3,2,1,1,1,0,1,2,0,0,0,2,3,0,0,1,0,1,1,2,2,2,3,1,0,0,0,0,0,3,1,3,0,0,0,0,2,0,2,1,1,0,2,0,0,1,2,1,1,0,0,0,0,2,2,0,2,1,0,0,2,0,1,0,2,0,0,1,1,2,2,1,1,2,0,0,2,1,2,1,1,0,2,2,2,3,3,0,3,3,0,0,0,0,0,0,2,3,2,2,0,2,1,2,3,0,2,3,1,1,0,2,3,0,2,0,0,3,1,0,0,0,1,0,2,2,0,0,2,1,1,1,3,0,2,2,2,2,1,1,0,2,1,0,3,0,1,2,2
bosnia-and-herzegovina,1,3,1,0,2,2,0,2,0,3,0,3,0,0,1,3,0,1,2,1,2,0,1,3,0,3,1,1,0,0,0,2,1,1,0,3,3,2,1,1,1,1,3,3,0,0,0,2,3,3,3,1,1,1,1,0,3,2,0,0,0,2,3,0,0,1,0,1,1,2,2,2,3,1,0,0,0,0,0,2,1,1,0,3,2,0,2,0,2,1,1,0,3,0,3,1,2,1,1,0,0,0,0,2,2,0,2,1,0,0,2,0,1,0,3,0,0,3,1,2,2,1,1,2,0,0,1,1,2,1,3,0,2,2,2,3,3,0,1,1,0,0,0,0,0,0,2,2,3,2,0,2,1,2,3,0,1,3,3,3,0,2,1,0,2,0,0,3,1,2,0,0,1,0,2,2,0,0,2,1,3,3,3,0,2,2,3,2,1,1,0,3,1,0,1,0,1,2,2
botswana,1,2,1,0,3,3,0,1,0,0,0,3,0,3,3,1,0,3,3,1,2,1,0,1,0,0,1,1,0,0,0,2,1,1,0,1,2,2,1,1,1,1,1,0,0,0,0,2,3,3,3,1,1,1,1,0,3,2,0,0,0,2,3,0,0,2,0,3,1,2,2,3,3,1,0,0,0,0,0,2,1,3,0,0,0,0,1,0,3,1,3,0,2,0,0,1,3,1,1,0,0,0,0,2,3,0,2,1,0,0,2,0,1,0,2,0,0,1,1,3,1,3,1,2,0,0,1,1,2,1,3,0,2,2,2,1,3,0,1,1,0,0,0,0,0,0,2,3,3,2,0,2,1,2,1,0,2,3,1,1,0,2,3,0,2,0,0,3,1,2,0,0,1,0,2,3,0,0,2,1,3,1,1,0,2,2,1,2,3,1,0,2,3,0,1,0,1,3,3
brazil,1,3,1,0,2,3,3,3,0,0,0,3,0,0,3,3,0,3,2,1,3,3,3,0,0,0,2,1,0,0,0,3,1,1,0,1,3,2,1,1,3,1,3,0,0,0,0,2,3,3,3,2,3,1,1,0,3,2,0,0,0,2,1,0,0,1,0,3,3,2,2,3,3,3,0,0,0,0,0,2,1,3,0,0,0,0,2,0,2,1,3,0,1,0,0,2,2,1,1,0,0,0,0,2,2,0,2,1,0,0,2,0,3,0,3,0,0,3,3,2,2,3,1,2,0,0,3,1,2,1,3,0,2,2,2,3,3,0,3,3,0,0,0,0,0,0,2,3,3,2,0,3,1,2,3,0,2,3,3,3,0,2,3,0,2,0,0,3,1,3,0,0,1,0,2,2,3,0,2,2,3,3,3,0,2,2,3,3,3,1,0,3,3,0,3,0,1,2,2
brunei,1,3,1,0,2,3,0,2,0,0,0,3,0,0,3,1,0,3,2,1,2,3,3,1,0,0,1,1,0,0,0,2,1,1,0,3,3,2,1,1,3,1,3,0,0,0,0,2,3,3,3,2,3,1,1,0,3,2,0,0,0,2,3,0,0,1,0,3,3,2,2,2,3,3,0,0,0,0,0,2,1,3,0,0,0,0,2,0,3,1,3,0,3,0,0,1,3,1,1,0,0,0,0,2,2,0,2,1,0,0,2,0,1,0,3,0,0,3,1,2,3,1,1,2,0,0,3,1,2,1,3,0,2,2,2,3,3,0,1,3,0,0,0,0,0,0,2,3,3,2,0,2,2,2,1,0,2,3,3,3,0,2,1,0,2,0,0,3,1,2,0,0,1,0,2,3,3,0,2,2,3,3,3,0,2,2,3,2,3,0,0,3,3,0,1,0,1,2,2
bulgaria,1,3,1,3,2,3,0,3,0,3,0,3,0,0,3,3,0,3,2,1,2,3,3,3,0,0,1,1,0,0,0,3,1,1,0,1,3,2,1,1,3,1,3,0,3,3,0,2,3,3,3,2,3,1,1,3,1,2,0,3,3,2,3,3,3,1,3,3,3,2,2,2,3,3,0,0,3,0,0,2,2,3,0,3,2,0,2,0,2,3,3,0,2,0,3,2,2,1,1,3,3,3,0,2,2,0,2,1,3,0,2,0,3,0,3,3,0,3,3,2,2,2,1,2,3,0,3,1,2,1,3,0,2,2,3,3,3,0,3,3,0,3,3,0,3,0,2,3,3,3,3,3,2,3,3,0,2,3,3,3,0,2,1,0,2,3,0,3,1,2,3,3,1,0,2,2,0,0,2,3,3,3,3,0,3,2,3,3,3,1,0,3,3,3,3,0,1,2,2
burkina-faso,1,2,1,0,2,2,0,1,0,0,0,1,0,3,3,1,0,1,3,1,2,1,1,1,0,0,0,1,0,0,0,3,3,3,0,1,2,2,2,1,1,3,1,0,0,0,0,2,3,1,3,1,1,1,1,0,1,2,0,0,0,2,3,0,0,3,0,1,1,3,3,2,3,1,0,0,0,0,0,2,1,1,0,0,1,0,1,0,2,1,1,0,2,0,0,1,2,3,1,0,0,0,0,2,2,0,2,3,0,0,2,0,1,0,2,0,0,1,1,2,1,2,1,2,0,0,2,3,3,1,1,0,2,2,2,1,1,0,1,1,0,0,0,0,0,0,2,2,2,2,0,2,1,3,1,0,3,3,1,1,0,2,1,0,2,0,0,3,1,2,0,0,1,0,2,2,0,0,3,1,1,3,1,0,2,2,1,2,1,1,0,2,1,0,1,0,1,2,2
burundi,1,2,1,0,2,2,0,1,0,0,0,1,0,0,3,1,0,1,3,1,2,1,1,1,0,0,1,0,0,0,0,2,3,1,0,1,2,2,1,3,1,1,1,0,0,0,0,2,3,1,3,1,1,1,1,0,1,2,0,0,0,2,3,0,0,2,0,1,1,2,2,2,3,1,0,0,0,0,0,2,1,1,0,0,1,0,1,0,3,1,1,0,2,0,0,1,2,1,1,0,0,0,0,1,2,0,2,1,0,0,2,0,1,0,2,0,0,1,1,2,1,2,1,2,0,0,2,1,2,1,1,0,2,2,2,1,1,0,1,1,0,0,0,0,0,0,3,2,2,2,0,2,1,2,3,0,1,3,1,1,0,2,1,0,2,0,0,3,1,2,0,0,1,0,2,2,0,0,2,1,1,1,1,0,2,3,1,2,1,1,0,2,1,0,1,0,1,2,2
cambodia,1,2,1,0,2,2,0,2,0,0,0,1,0,0,1,1,0,1,2,1,2,1,1,1,0,0,1,1,0,0,0,2,1,1,0,1,2,2,1,1,1,1,1,0,0,0,0,2,3,1,3,2,1,1,1,0,1,2,0,0,0,2,3,0,0,1,0,1,1,2,2,2,3,1,0,0,0,0,0,2,1,1,0,0,1,0,1,0,2,1,1,0,2,0,0,1,2,1,1,0,0,0,0,2,2,0,2,1,0,0,2,0,1,0,2,0,0,1,1,2,3,2,1,2,0,0,2,1,2,1,1,0,2,2,2,3,3,0,1,1,0,0,0,0,0,0,2,2,2,2,0,2,1,2,1,0,2,3,1,1,0,2,1,0,2,0,0,3,1,2,0,0,1,0,2,2,3,0,2,1,1,1,1,0,2,2,2,2,1,1,0,2,1,0,1,0,1,2,2
cameroon,1,2,1,0,2,2,0,1,0,0,0,1,0,0,3,1,0,1,3,1,2,1,1,1,0,0,1,1,0,0,0,2,3,3,0,1,2,2,3,1,1,1,1,1,0,0,0,2,3,1,2,1,1,1,1,0,1,2,0,0,0,2,3,0,0,2,0,3,1,2,2,2,3,1,0,0,0,0,0,2,1,1,0,0,1,0,1,0,2,1,1,0,2,0,0,1,3,1,1,0,0,0,0,2,2,0,2,3,0,0,2,0,1,0,2,0,0,1,1,2,2,2,1,0,0,0,1,1,3,1,1,0,2,2,2,1,1,0,1,1,0,0,0,0,0,0,2,2,2,2,0,2,1,2,1,0,2,3,1,1,0,2,1,0,2,0,1,3,1,2,0,0,1,0,2,2,0,0,2,1,1,1,1,0,2,2,1,2,1,1,0,2,3,0,1,0,1,2,2
canada,1,3,1,0,2,3,0,2,0,0,0,3,0,0,3,3,0,3,2,1,3,3,3,3,0,3,2,1,0,0,0,3,1,1,0,1,3,2,1,1,3,1,3,0,0,0,0,2,3,3,3,2,3,1,1,3,3,2,0,0,0,2,3,0,0,1,0,3,3,2,2,3,3,3,0,0,3,0,0,1,2,3,0,0,0,0,2,0,2,3,3,0,3,0,0,2,3,1,1,0,0,3,0,2,2,0,2,1,3,0,2,0,3,0,3,0,0,3,3,2,2,3,1,2,0,0,3,1,2,1,3,0,2,2,2,3,3,0,2,3,0,3,0,0,0,0,2,3,3,2,0,3,2,3,3,0,2,3,3,3,0,2,3,0,2,0,0,3,1,0,0,0,1,0,2,2,3,0,2,2,3,3,2,0,2,2,3,2,3,3,0,3,3,0,1,0,1,2,2
cape-verde,1,2,1,0,3,2,0,1,0,0,0,3,0,0,1,1,0,1,3,1,2,1,1,1,0,0,3,1,0,0,0,0,1,1,0,1,2,2,1,1,1,3,1,0,0,0,0,2,3,1,3,1,1,1,1,0,1,2,0,0,0,2,3,0,0,3,0,1,1,3,3,2,3,1,0,0,0,0,0,2,1,1,0,0,1,0,2,0,2,1,1,0,2,0,0,1,2,3,1,0,0,0,0,2,2,0,2,3,0,0,2,0,1,0,2,0,0,1,1,2,1,2,1,2,0,0,2,3,3,1,1,0,2,2,2,3,3,0,1,1,0,0,0,0,0,0,2,2,2,2,0,3,1,3,1,0,3,3,1,1,0,2,3,0,2,0,0,3,1,2,0,0,1,0,2,2,0,0,3,1,1,3,1,0,2,2,1,2,1,1,0,2,1,0,1,0,1,2,2
central-african-republic,1,2,1,0,2,2,0,1,0,0,0,1,0,0,1,1,0,1,3,1,2,1,1,1,0,0,3,1,0,0,0,2,0,3,0,1,2,2,3,1,1,3,1,0,0,0,0,2,3,1,3,1,1,1,1,0,1,2,0,0,0,2,3,0,0,2,0,1,1,2,2,2,3,1,0,0,0,0,0,2,1,1,0,0,1,0,1,0,2,1,1,0,2,0,0,1,2,1,1,0,0,0,0,2,2,0,2,1,0,0,2,0,1,0,2,0,0,1,1,2,1,2,1,2,0,0,2,1,2,1,1,0,2,2,2,3,1,0,1,1,0,0,0,0,0,0,3,2,1,2,0,2,1,3,1,0,1,3,1,1,0,2,1,0,2,0,0,3,1,2,0,0,1,0,2,2,0,0,2,1,1,1,1,0,2,2,1,2,1,1,0,2,1,0,1,0,1,2,2
chad,1,2,1,0,2,2,0,1,0,0,0,1,0,0,1,1,0,1,3,1,2,1,1,1,0,0,2,1,0,0,0,2,3,0,0,1,2,2,3,1,1,3,1,0,0,0,0,2,3,1,3,1,1,1,1,0,1,2,0,0,0,2,3,0,0,2,0,1,1,2,2,2,3,1,0,0,0,0,0,2,1,1,0,0,1,0,1,0,2,1,1,0,2,0,0,1,2,1,1,0,0,0,0,2,2,0,2,3,0,0,2,0,1,0,2,0,0,1,1,2,1,2,1,2,0,0,2,3,3,1,1,0,2,1,2,1,1,0,1,1,0,0,0,0,0,0,3,2,1,2,0,2,1,3,1,0,1,3,1,1,0,2,1,0,2,0,0,3,1,2,0,0,1,0,2,2,0,0,2,1,1,1,1,0,2,2,1,2,1,1,0,2,1,0,1,0,1,2,2
chile,1,3,1,0,2,3,3,2,0,0,0,3,0,0,3,3,0,3,2,1,3,3,3,3,0,0,1,1,0,0,0,2,1,1,0,1,3,2,1,1,3,1,3,0,0,0,0,2,3,3,3,2,3,1,1,0,3,2,0,0,0,2,1,0,0,1,0,3,3,2,2,3,3,3,0,0,0,0,0,2,1,3,0,0,0,0,2,0,2,1,3,0,3,0,0,2,2,1,1,0,0,0,0,2,2,0,2,1,0,0,2,0,3,0,3,0,0,3,3,2,2,2,1,2,0,0,3,1,2,1,3,0,2,2,2,3,3,0,3,3,0,0,0,0,0,0,2,3,3,2,0,2,1,2,3,0,1,3,3,3,0,2,3,0,2,0,0,3,1,0,0,0,1,0,2,2,3,0,2,1,3,3,3,0,2,2,3,3,3,0,0,3,3,0,1,0,1,2,2
china,1,2,1,0,2,3,0,2,0,0,0,3,0,0,3,3,0,1,2,1,2,3,1,1,0,0,1,1,0,0,0,2,1,1,0,0,2,2,1,1,1,1,1,1,0,0,0,2,3,1,3,3,1,3,1,0,1,2,0,0,0,2,1,0,0,1,0,3,1,2,2,2,3,1,0,0,0,0,0,3,2,1,0,0,0,0,2,0,2,1,1,0,2,0,0,2,2,1,1,0,0,0,2,2,2,0,2,1,0,0,2,0,1,0,2,0,0,1,3,2,2,1,1,0,0,0,1,1,2,1,1,0,2,2,2,3,1,0,1,1,0,0,0,0,0,0,2,3,3,2,0,2,2,3,3,0,2,2,1,1,0,2,1,0,2,0,0,1,1,0,0,0,1,0,2,2,0,0,2,2,1,3,2,0,2,2,2,2,1,1,0,3,3,0,1,0,1,2,2
colombia,1,3,1,0,2,3,0,2,0,0,0,3,0,0,3,1,0,3,2,1,3,3,1,3,0,0,2,1,0,0,0,2,1,1,0,1,0,2,1,1,1,1,3,0,0,0,0,2,3,3,3,2,3,1,1,0,1,2,0,0,0,2,1,0,0,1,0,1,3,2,2,3,1,3,0,0,0,0,0,1,1,1,0,0,0,0,1,0,2,1,3,0,2,0,0,1,2,1,1,0,0,0,0,2,2,0,2,1,0,0,2,0,3,0,3,0,0,3,1,2,2,1,1,2,0,0,2,1,2,1,3,0,2,2,2,3,3,0,3,3,0,0,0,0,0,0,2,3,1,2,0,2,1,2,3,0,1,3,3,3,0,2,1,0,2,0,0,3,1,0,0,0,1,0,2,2,0,0,2,1,3,1,3,0,2,2,3,3,1,1,0,2,1,0,3,0,1,2,2
comoros,1,2,1,0,2,2,0,1,0,0,0,1,0,0,1,1,0,1,3,1,2,1,1,1,0,0,2,1,0,0,0,2,1,1,0,1,2,0,1,1,1,1,1,0,0,0,0,2,3,1,3,1,1,1,1,0,1,2,0,0,0,2,3,0,0,2,0,1,1,2,2,2,3,1,0,0,0,0,0,2,1,1,0,0,1,0,1,0,2,1,1,0,2,0,0,2,2,1,1,0,0,0,0,1,3,0,2,1,0,0,2,0,1,0,2,0,0,1,1,2,1,2,1,2,0,0,2,1,2,1,1,0,2,2,2,1,3,0,1,1,0,0,0,0,0,0,2,2,2,2,0,2,1,2,1,0,1,3,1,1,0,2,1,0,2,0,0,3,1,2,0,0,1,0,2,2,0,0,2,1,1,3,1,0,2,3,1,2,1,1,0,2,1,0,1,0,1,2,2
congo,1,2,1,0,2,2,0,1,0,0,0,1,0,0,1,1,0,1,3,1,2,1,1,1,0,0,1,1,0,0,0,2,3,3,0,1,2,2,0,3,1,3,1,0,0,0,0,2,3,1,3,1,1,1,1,0,1,2,0,0,0,2,3,0,0,2,0,1,1,2,2,2,3,1,0,0,0,0,0,2,1,1,0,0,1,0,1,0,2,1,1,0,2,0,0,1,2,1,1,0,0,0,0,2,2,0,2,1,0,0,2,0,1,0,2,0,0,1,2,2,1,1,1,2,0,0,1,1,2,1,1,0,2,2,2,1,1,0,1,1,0,0,0,0,0,0,2,2,1,2,0,2,1,2,1,0,1,3,1,1,0,2,1,0,2,0,1,3,1,2,0,0,1,0,2,2,0,0,2,1,1,1,1,0,2,2,1,2,1,1,0,2,1,0,1,0,1,2,2
congo-(dem.-rep.),1,2,1,0,2,2,0,1,0,0,0,1,0,0,1,1,0,1,3,1,2,1,1,1,0,0,2,3,0,0,0,2,3,1,0,1,2,2,1,0,1,1,1,0,0,0,0,2,3,1,2,1,1,1,1,0,1,2,0,0,0,2,3,0,0,2,0,1,1,2,2,2,3,1,0,0,0,0,0,2,1,1,0,0,1,0,1,0,2,1,1,0,2,0,0,1,2,1,1,0,0,0,0,2,2,0,2,1,0,0,2,0,1,0,2,0,0,1,1,2,1,1,1,2,0,0,1,1,2,1,1,0,2,1,2,1,1,0,1,1,0,0,0,0,0,0,3,2,1,2,0,2,1,3,1,0,1,3,1,1,0,2,1,0,2,0,1,3,1,2,0,0,1,0,2,2,0,0,2,1,1,1,1,0,2,2,1,2,1,1,0,2,1,0,1,0,1,2,3
costa-rica,1,3,1,0,2,2,0,2,0,0,0,3,0,0,3,1,0,3,2,1,3,3,3,3,0,0,1,1,0,0,0,2,1,1,0,1,3,2,1,1,0,1,3,0,0,0,0,2,3,3,3,2,3,1,1,0,1,2,0,0,0,2,1,0,0,1,0,3,3,2,2,3,3,3,0,0,0,0,0,2,1,3,0,0,0,0,2,0,2,1,3,0,2,0,0,2,2,1,1,0,0,0,0,2,2,0,2,1,0,0,2,0,3,0,3,0,0,3,1,2,2,1,1,2,0,0,3,1,2,1,3,0,2,2,2,3,3,0,3,3,0,0,0,0,0,0,2,3,3,2,0,2,1,2,3,0,1,3,3,3,0,2,3,0,2,0,0,3,1,0,0,0,1,0,2,2,0,0,2,1,3,3,3,0,2,2,2,3,3,1,0,3,1,0,3,0,1,2,2
cote-d'ivoire-(ivory-coast),1,2,1,0,2,2,0,1,0,0,0,1,0,0,1,1,0,1,3,1,2,1,1,1,0,0,3,1,0,0,0,3,3,3,0,1,2,2,2,1,1,0,1,0,0,0,0,2,3,1,3,1,1,1,1,0,1,2,0,0,0,2,3,0,0,3,0,1,1,3,3,2,3,1,0,0,0,0,0,2,1,1,0,0,1,0,1,0,2,1,1,0,2,0,0,2,2,3,1,0,0,0,0,2,2,0,2,3,0,0,3,0,1,0,2,0,0,1,3,2,2,2,1,2,0,0,2,3,3,1,1,0,2,2,2,1,1,0,1,1,0,0,0,0,0,0,3,2,2,2,0,2,1,3,1,0,3,3,1,1,0,2,1,0,2,0,1,3,1,2,0,0,1,0,2,2,0,0,3,1,1,3,1,0,2,2,1,2,1,1,0,2,1,0,1,0,1,2,2
croatia,1,3,1,3,2,3,0,3,0,3,0,3,0,0,3,3,0,3,2,1,3,3,3,3,0,3,1,1,0,0,0,3,1,1,0,1,3,2,1,1,3,1,0,0,3,3,0,2,3,3,3,2,3,1,1,3,3,2,0,3,3,2,3,3,3,1,3,3,3,2,2,2,3,3,0,0,3,0,0,2,2,3,0,3,2,0,2,0,2,3,3,0,3,0,3,2,2,1,1,3,3,3,0,2,2,0,2,1,3,0,2,0,3,0,3,3,0,3,3,2,2,1,1,2,3,0,3,1,2,1,3,0,2,2,3,3,3,0,3,3,0,3,3,0,3,0,2,3,3,3,3,3,2,3,3,0,2,3,3,3,0,2,1,0,2,3,0,3,1,2,3,3,1,0,2,2,0,0,2,3,3,3,3,0,3,2,3,3,3,1,0,3,3,3,3,0,1,2,2
cuba,1,2,1,0,2,3,0,2,0,0,0,1,0,0,3,3,0,1,2,1,2,1,3,1,0,0,2,1,0,0,0,2,1,1,0,1,2,2,1,1,1,1,1,0,0,0,0,2,3,1,2,2,1,1,1,0,1,2,0,0,0,2,3,0,0,1,0,3,1,3,2,3,1,1,0,0,0,0,0,2,1,1,0,0,1,0,1,0,2,1,1,0,1,0,0,1,2,1,1,0,0,0,0,2,2,0,2,1,0,0,2,0,1,0,3,0,0,3,1,2,1,3,1,2,0,0,1,1,2,1,3,0,2,2,2,3,1,0,1,1,0,0,0,0,0,3,2,3,3,2,0,2,1,2,3,0,1,3,1,1,0,2,1,0,2,0,0,3,1,0,0,0,1,0,2,2,0,0,2,1,3,1,1,0,2,2,1,2,1,1,0,3,3,0,1,0,1,2,2
cyprus,1,3,1,3,2,3,0,3,0,3,0,3,0,0,3,3,0,3,2,1,2,3,3,3,0,3,1,1,0,0,0,3,1,1,0,1,3,2,1,1,3,1,3,0,0,3,0,2,3,3,3,2,3,1,1,3,3,2,0,3,3,2,3,3,3,1,3,3,3,2,2,2,3,3,0,0,3,0,0,2,2,3,0,3,0,0,2,0,3,3,3,0,2,0,3,2,2,1,1,3,3,3,0,2,2,0,2,1,3,0,2,0,3,0,3,3,0,3,3,2,2,1,1,2,3,0,3,1,2,1,3,0,2,2,3,3,3,0,3,3,0,3,3,0,3,0,2,3,3,3,3,3,2,3,3,0,2,3,3,3,0,2,3,0,2,3,0,3,1,2,3,3,1,0,2,3,0,0,2,3,3,1,2,0,3,3,3,3,3,1,0,3,3,3,3,0,1,3,3
czech-republic,1,3,1,3,2,3,0,3,0,3,0,3,0,0,3,3,0,3,2,1,3,3,3,3,0,3,2,1,0,0,0,3,1,1,0,1,3,2,1,1,3,1,3,0,3,0,0,2,3,3,3,2,3,1,1,3,3,2,0,3,3,2,3,3,3,1,3,3,3,2,2,2,3,3,0,0,3,0,0,2,2,3,0,3,0,0,2,0,2,3,3,0,3,0,3,2,3,1,1,3,3,3,0,2,2,0,2,1,3,0,2,0,3,0,3,3,0,3,3,2,2,2,1,2,3,0,3,1,2,1,3,0,2,2,3,3,3,0,3,3,0,3,3,0,3,0,2,3,3,3,3,3,2,3,3,0,2,3,3,3,0,2,3,0,2,3,0,3,1,0,3,3,1,0,2,2,3,0,2,3,3,3,3,0,3,2,3,3,3,0,0,3,3,3,3,0,1,2,2
denmark,1,3,1,3,2,3,0,3,0,3,0,3,0,0,3,3,0,3,2,1,3,3,3,3,0,3,2,1,0,0,0,3,1,1,0,1,3,2,1,1,3,1,3,0,3,3,0,2,3,3,3,2,3,1,1,3,3,2,0,3,3,2,3,3,3,1,3,3,3,2,2,3,3,3,0,0,3,0,0,2,2,3,0,3,0,0,2,0,2,3,3,0,3,0,3,2,3,1,1,3,3,3,0,2,2,0,2,1,3,0,2,0,3,0,3,3,0,3,3,2,2,3,1,2,3,0,3,1,2,1,3,0,2,2,3,3,3,0,3,3,0,3,3,0,3,0,2,3,3,3,3,3,2,3,3,0,2,3,3,3,0,2,3,0,2,3,0,3,1,0,3,3,1,0,2,2,3,0,2,3,3,3,3,0,3,2,3,3,3,0,0,3,3,3,3,0,1,2,2
djibouti,1,2,1,0,2,2,0,1,0,0,0,1,0,0,1,1,0,1,3,1,2,1,1,1,0,0,2,1,0,0,0,2,1,1,0,1,2,2,1,1,1,1,1,0,0,0,0,0,3,1,3,1,1,1,1,0,1,3,0,0,0,2,3,0,0,2,0,1,1,2,2,2,3,1,0,0,0,0,0,2,1,1,0,0,1,0,1,0,2,1,1,0,2,0,0,2,2,1,1,0,0,0,0,2,2,0,2,1,0,0,2,0,1,0,2,0,0,1,1,2,1,2,1,2,0,0,2,1,2,1,1,0,2,2,2,1,1,0,1,1,0,0,0,0,0,0,2,2,2,2,0,2,1,3,1,0,1,3,1,1,0,2,1,0,2,0,0,3,1,2,0,0,1,0,2,2,0,0,2,1,1,1,1,0,2,2,1,2,1,1,0,2,1,0,1,0,1,2,2
dominica,1,2,1,0,2,3,0,2,0,0,0,3,0,0,3,3,0,3,2,1,2,3,3,3,0,0,1,1,0,0,0,3,1,1,0,1,3,2,1,1,3,1,3,3,0,0,0,2,0,3,3,2,1,1,1,0,3,2,0,0,0,2,3,0,0,1,0,3,1,2,2,3,3,1,0,0,0,0,0,2,1,3,0,0,0,0,2,0,3,1,3,0,2,0,0,1,3,1,1,0,0,0,0,2,3,0,2,1,0,0,2,0,1,0,3,0,0,3,1,2,1,1,1,2,0,0,2,1,2,1,1,0,2,2,2,3,3,0,1,3,0,0,0,0,0,0,2,3,3,2,0,2,1,2,3,0,2,3,3,3,0,2,1,3,2,0,0,3,1,3,0,0,1,0,2,3,0,0,2,2,3,1,2,0,2,2,3,2,3,1,0,3,3,0,3,0,1,3,2
dominican-republic,1,2,1,0,2,2,0,2,0,0,0,1,0,0,1,1,0,3,2,1,2,1,3,1,0,0,1,1,0,0,0,2,1,1,0,1,3,2,1,1,1,1,1,0,0,0,0,2,1,0,3,2,3,1,1,0,1,2,0,0,0,2,3,0,0,1,0,3,3,2,2,3,1,3,0,0,0,0,0,2,1,1,0,0,1,0,2,0,2,1,1,0,2,0,0,2,2,1,1,0,0,0,0,2,2,0,2,1,0,0,2,0,1,0,2,0,0,1,1,2,1,1,1,2,0,0,2,1,2,1,1,0,2,2,2,3,0,0,3,3,0,0,0,0,0,0,2,2,1,2,0,2,1,2,1,0,1,3,1,1,0,2,1,0,2,0,0,1,1,0,0,0,1,0,2,2,0,0,2,1,3,1,2,0,2,2,2,2,1,1,0,3,1,0,1,0,1,2,2
ecuador,1,2,1,0,2,3,0,2,0,0,0,3,0,0,1,3,0,3,2,1,3,1,1,3,0,0,1,1,0,0,0,2,1,1,0,3,3,2,1,1,1,1,1,0,0,0,0,2,3,3,0,2,3,1,1,0,1,2,0,0,0,2,3,0,0,1,0,3,3,2,2,3,3,3,0,0,0,0,0,2,1,1,0,0,0,0,2,0,2,1,1,0,2,0,0,1,2,1,1,0,0,0,0,2,2,0,2,1,0,0,2,0,3,0,3,0,0,3,1,2,2,1,1,2,0,0,3,1,2,1,1,0,2,2,2,3,3,0,3,3,0,0,0,0,0,0,2,3,2,2,0,2,1,2,1,0,1,3,1,1,0,2,3,0,2,0,0,3,1,0,0,0,1,0,2,2,0,0,2,1,3,1,3,0,2,2,3,2,1,1,0,2,1,0,1,0,1,2,2
egypt,1,2,1,0,2,2,0,1,0,0,0,1,0,0,1,1,0,1,3,1,2,1,1,1,0,0,2,1,0,0,0,2,1,1,0,1,2,2,1,1,1,1,1,0,0,0,0,2,3,1,1,0,1,1,1,0,1,2,0,0,0,2,3,0,0,2,0,1,1,3,2,2,3,1,0,0,0,0,0,3,1,1,0,0,1,0,3,0,2,1,1,0,2,0,0,2,2,1,1,0,0,0,0,2,2,0,2,1,0,0,2,0,1,0,2,0,0,1,1,2,2,1,1,2,0,0,2,1,2,1,1,0,2,2,2,3,1,0,1,1,0,0,0,0,0,0,2,3,1,2,0,2,1,2,1,0,1,2,1,1,0,2,1,0,2,0,1,3,1,2,0,0,1,0,2,2,0,0,2,1,1,1,1,0,2,2,1,2,1,1,0,2,1,0,1,0,2,2,2
el-salvador,1,3,1,0,2,2,0,2,0,0,0,3,0,0,3,3,0,3,2,1,2,3,1,3,0,0,1,1,0,0,0,2,1,1,0,1,3,2,1,1,3,1,3,0,0,0,0,2,3,3,3,1,0,1,1,0,1,2,0,0,0,2,1,0,0,1,0,3,3,2,2,2,3,3,0,0,0,0,0,2,1,3,0,0,0,0,2,0,2,1,3,0,2,0,0,1,2,1,1,0,0,0,0,2,2,0,2,1,0,0,2,0,1,0,3,0,0,3,1,2,1,1,1,2,0,0,3,1,2,1,3,0,2,2,2,3,3,0,3,1,0,0,0,0,0,0,2,3,2,2,0,2,1,2,1,0,1,3,3,3,0,2,1,0,2,0,0,3,1,0,0,0,1,0,2,2,0,0,2,1,3,1,3,0,2,2,2,3,3,1,0,3,1,0,1,0,1,2,2
equatorial-guinea,1,2,1,0,2,2,0,1,0,0,0,1,0,0,1,1,0,1,3,1,2,1,1,1,0,0,1,1,0,0,0,2,3,3,0,1,2,2,3,1,1,1,1,0,0,0,0,2,3,1,3,1,1,0,1,0,1,2,0,0,0,2,3,0,0,2,0,1,1,2,2,2,3,1,0,0,0,0,0,2,1,1,0,0,1,0,1,0,2,1,1,0,2,0,0,1,2,1,1,0,0,0,0,2,2,0,2,1,0,0,2,0,1,0,2,0,0,1,1,2,1,2,1,2,0,0,2,1,2,1,1,0,2,2,2,3,1,0,1,1,0,0,0,0,0,0,2,2,2,2,0,3,1,2,1,0,1,3,1,1,0,2,1,0,2,0,0,3,1,2,0,0,1,0,2,2,0,0,2,1,1,3,1,0,2,2,1,2,1,1,0,2,1,0,1,0,1,2,2
eritrea,1,2,1,0,2,2,0,1,0,0,0,1,0,0,1,1,0,1,3,1,2,1,1,1,0,0,2,1,0,0,0,2,1,1,0,1,2,2,1,1,1,1,1,1,0,0,0,2,3,1,2,1,1,1,0,0,1,2,0,0,0,2,3,0,0,2,0,1,1,2,2,2,3,1,0,0,0,0,0,2,1,1,0,0,1,0,1,0,2,1,1,0,2,0,0,1,2,1,1,0,0,0,0,2,2,0,2,1,0,0,2,0,1,0,2,0,0,1,1,1,2,2,1,2,0,0,1,1,2,1,1,0,2,2,2,1,1,0,1,1,0,0,0,0,0,0,2,2,1,2,0,2,1,2,1,0,1,3,1,1,0,2,1,0,2,0,0,3,1,2,0,0,1,0,2,2,0,0,2,1,1,1,1,0,2,3,1,2,1,1,0,2,1,0,1,0,1,2,2
estonia,1,3,1,3,2,3,0,3,0,3,0,3,0,0,3,3,0,3,2,1,3,3,3,3,0,3,2,1,0,0,0,3,1,1,0,1,3,2,1,1,3,1,3,0,3,3,0,2,3,3,3,2,3,1,1,0,3,2,0,3,3,2,3,3,3,1,3,3,3,2,2,2,3,3,0,0,3,0,0,2,2,3,0,3,0,0,2,0,2,3,3,0,3,0,3,2,2,1,1,3,3,3,0,2,2,0,2,1,3,0,2,0,3,0,3,3,0,3,3,2,2,1,1,2,3,0,3,1,2,1,3,0,2,2,3,3,3,0,3,3,0,3,3,0,3,0,2,3,3,3,3,3,2,3,3,0,2,3,3,3,0,2,1,0,2,3,0,3,1,0,3,3,1,0,2,2,3,0,2,3,3,3,3,0,3,2,3,3,3,0,0,3,3,3,3,0,1,2,2
eswatini,1,2,1,0,2,3,0,1,0,0,0,3,0,0,3,1,0,3,3,1,2,1,3,1,0,0,1,1,0,0,0,2,1,1,0,1,2,2,1,1,1,1,1,0,0,0,0,2,3,1,3,1,1,1,1,0,0,2,0,0,0,2,3,0,0,3,0,3,1,2,2,3,3,1,0,0,0,0,0,2,1,3,0,0,0,0,2,0,3,1,3,0,2,0,0,1,3,1,1,0,0,0,0,2,3,0,2,1,0,0,2,0,1,0,2,0,0,1,1,3,1,3,1,0,0,0,2,1,2,1,1,0,2,1,2,3,1,0,1,1,0,0,0,0,0,0,2,3,3,2,0,2,1,2,1,0,2,3,1,1,0,2,3,0,2,0,0,3,1,2,0,0,1,0,2,3,0,0,2,1,3,1,1,0,2,3,1,2,1,1,0,2,3,0,1,0,1,3,3
ethiopia,1,2,1,0,2,2,0,1,0,0,0,1,0,0,3,1,0,1,3,1,2,1,1,1,0,0,1,1,0,0,0,2,1,1,0,1,2,2,1,1,1,1,1,1,0,0,0,2,3,1,2,1,1,1,2,0,1,0,0,0,0,2,3,0,0,2,0,1,1,2,2,2,3,1,0,0,0,0,0,2,1,1,0,0,1,0,1,0,3,1,1,0,2,0,0,1,2,1,1,0,0,0,0,2,2,0,2,1,0,0,2,0,1,0,2,0,0,1,1,2,1,1,1,0,0,0,2,1,2,1,1,0,2,2,2,1,1,0,1,1,0,0,0,0,0,0,2,2,2,2,0,2,1,2,1,0,1,3,1,1,0,2,1,0,2,0,0,3,1,2,0,0,1,0,2,2,0,0,2,1,1,1,1,0,2,2,1,2,1,1,0,2,1,0,3,0,1,2,2
fiji,1,2,1,0,2,3,0,2,0,0,0,3,0,3,3,1,0,3,2,1,2,1,1,3,0,0,1,1,0,0,0,2,1,1,0,3,3,2,1,1,3,1,1,0,0,0,0,2,3,3,3,2,3,1,1,0,1,2,0,0,0,2,3,0,0,1,0,1,3,2,2,2,3,1,0,0,0,0,0,2,1,3,0,0,0,0,2,0,3,3,3,0,2,0,0,1,3,1,1,0,0,0,0,2,3,0,2,1,0,0,2,0,1,0,2,0,0,1,1,2,2,1,2,2,0,0,3,1,2,1,1,0,2,2,2,3,3,0,1,3,0,0,0,0,0,0,2,3,3,2,0,2,1,2,1,0,2,3,1,1,0,2,1,0,2,0,0,3,1,2,0,0,1,0,2,2,0,0,2,2,1,3,2,0,2,3,2,2,1,1,0,2,3,0,1,0,1,3,3
finland,1,3,1,3,2,3,0,3,0,3,0,3,0,0,3,3,0,3,2,1,3,3,3,3,0,3,2,1,0,0,0,3,1,1,0,1,3,2,1,1,3,1,3,0,3,3,0,2,3,3,3,2,3,1,1,3,3,2,0,0,3,2,3,3,3,1,3,3,3,2,2,3,3,3,0,0,3,0,0,2,2,3,0,3,0,0,2,0,2,3,3,0,3,0,3,2,3,1,1,3,3,3,0,2,2,0,2,1,3,0,2,0,3,0,3,3,0,3,3,2,2,3,1,2,3,0,3,1,2,1,3,0,2,2,3,3,3,0,3,3,0,3,3,0,3,2,2,3,3,3,3,3,2,3,3,0,2,3,3,3,0,2,3,0,2,3,0,3,1,0,3,3,1,0,2,2,3,0,2,3,3,3,3,0,3,2,3,3,3,0,0,3,3,3,3,0,1,2,2
france,1,3,1,3,2,3,0,3,0,3,0,3,0,0,3,3,0,3,2,1,3,3,3,3,0,3,2,1,0,0,0,3,1,1,0,1,3,2,1,1,3,1,3,0,3,3,0,2,3,3,3,2,3,1,1,3,3,2,0,3,0,2,3,3,3,1,3,3,3,2,2,3,3,3,0,0,3,0,0,2,2,3,0,3,0,0,2,0,2,3,3,0,3,0,3,2,3,1,1,3,3,3,0,2,2,0,2,1,3,0,2,0,3,0,3,3,0,3,3,2,2,3,1,2,3,0,3,1,2,1,3,0,2,2,3,3,3,0,3,3,0,3,3,0,3,0,2,3,3,3,3,3,2,3,3,0,2,3,3,3,0,2,3,0,2,3,0,3,1,0,3,3,1,0,2,2,3,0,2,3,3,3,3,0,3,2,3,3,3,0,0,3,3,3,3,0,1,2,2
gabon,1,2,1,0,2,2,0,1,0,0,0,1,0,3,1,1,0,1,3,1,2,1,1,1,0,0,1,1,0,0,0,2,3,3,0,1,2,2,3,1,1,1,1,0,0,0,0,2,3,1,3,1,1,1,1,0,1,2,0,0,0,0,3,0,0,2,0,1,1,2,2,2,3,1,0,0,0,0,0,2,1,1,0,0,1,0,1,0,2,1,1,0,2,0,0,1,2,1,1,0,0,0,0,2,2,0,2,1,0,0,2,0,1,0,2,0,0,1,3,2,1,2,1,2,0,0,2,1,2,1,1,0,2,2,2,1,3,0,1,1,0,0,0,0,0,0,2,2,2,2,0,3,1,2,1,0,1,3,1,1,0,2,3,0,2,0,1,3,1,2,0,0,1,0,2,2,0,0,2,1,1,3,1,0,2,2,1,2,1,1,0,2,1,0,1,0,1,2,2
gambia,1,2,1,0,2,2,0,1,0,0,0,3,0,3,3,1,0,3,3,1,2,1,3,1,0,0,3,1,0,0,0,3,1,1,0,1,2,2,1,1,1,3,1,0,0,0,0,2,3,1,2,1,1,1,1,0,3,2,0,0,0,2,0,0,0,3,0,3,1,3,3,2,3,1,0,0,0,0,0,2,1,1,0,0,0,0,1,0,3,1,1,0,2,0,0,1,3,3,1,0,0,0,0,2,3,0,2,3,0,0,3,0,1,0,2,0,0,1,1,2,1,2,1,2,0,0,2,3,3,1,1,0,2,2,2,1,1,0,1,1,0,0,0,0,0,0,2,3,2,2,0,2,1,3,1,0,3,3,1,1,0,2,1,0,2,0,0,3,1,2,0,0,1,0,2,3,0,0,3,1,3,3,1,0,2,3,1,2,1,1,0,2,3,0,1,0,1,2,2
georgia,1,3,1,3,2,3,0,3,0,3,0,3,0,0,3,3,0,1,2,1,2,3,1,3,0,3,1,1,0,0,0,2,1,1,0,1,3,2,1,1,1,1,3,0,0,0,0,2,3,1,3,2,1,1,1,3,1,2,0,0,0,2,1,0,0,1,0,3,1,2,2,2,3,1,0,0,3,0,0,3,1,1,0,3,2,0,2,3,2,1,1,0,3,0,0,2,2,1,1,0,0,3,0,2,2,0,2,1,0,0,2,0,1,0,3,0,0,3,1,2,2,1,1,2,0,0,2,1,2,1,1,0,2,2,2,3,3,0,1,1,0,3,0,0,3,0,2,2,3,2,3,2,1,2,3,0,2,2,3,3,0,2,1,0,2,0,0,3,1,2,0,0,1,0,3,2,0,0,2,1,1,3,3,0,2,2,3,2,1,1,0,3,1,3,1,0,1,2,2
germany,1,3,1,3,2,3,0,3,0,3,0,3,0,0,3,3,0,3,2,1,3,3,3,3,0,3,2,1,0,0,0,3,1,1,0,1,3,2,1,1,3,1,3,0,3,3,3,2,3,3,3,2,3,1,1,3,3,2,0,3,3,2,3,3,0,1,3,3,3,2,2,3,3,3,0,0,3,0,0,2,2,3,0,3,0,0,2,0,2,3,3,0,3,0,3,2,3,1,1,3,3,3,0,2,2,0,2,1,3,0,2,0,3,0,3,3,0,3,3,2,2,3,1,2,3,0,3,1,2,1,3,0,2,2,3,3,3,0,3,3,0,3,3,0,3,0,2,3,3,3,3,3,2,3,3,0,2,3,3,3,0,2,3,0,2,3,0,3,1,0,3,3,1,0,2,2,3,0,2,3,3,3,3,0,3,2,3,3,3,0,0,3,3,3,3,0,1,2,2
ghana,1,2,1,0,2,2,0,1,0,0,0,1,0,3,3,1,0,3,3,1,2,1,1,1,0,0,3,1,0,0,0,3,1,1,0,1,2,2,1,1,1,3,1,1,0,0,0,2,3,1,2,1,1,1,1,0,3,2,0,0,0,2,3,0,0,0,0,3,1,3,3,2,3,1,0,0,0,0,0,2,1,1,0,0,0,0,2,0,3,1,1,0,2,0,0,2,2,3,1,0,0,0,0,2,2,0,2,3,0,0,2,0,1,0,2,0,0,1,1,2,2,1,1,0,0,0,2,3,3,1,1,0,2,2,2,1,1,0,1,1,0,0,0,0,0,0,3,3,2,2,0,2,1,3,1,0,3,3,1,1,0,2,1,0,2,0,1,3,1,2,0,0,1,0,2,3,0,0,3,1,3,1,1,0,2,3,1,2,1,1,0,2,3,0,1,0,1,2,3
greece,1,3,1,3,2,3,0,3,0,3,0,3,0,0,3,3,0,3,2,1,3,3,3,3,0,3,2,1,0,0,0,3,1,1,0,1,3,2,1,1,3,1,3,0,3,3,0,2,3,3,3,2,3,1,1,3,3,2,0,3,3,2,3,3,3,1,0,3,3,2,2,3,3,3,0,0,3,0,0,2,2,3,0,3,0,0,2,0,2,3,3,0,3,0,3,2,2,1,1,3,3,3,0,2,2,0,2,1,3,0,2,0,3,0,3,3,0,3,3,2,2,1,1,2,3,0,3,1,2,1,3,0,2,2,3,3,3,0,3,3,0,3,3,0,3,2,2,3,3,3,3,3,2,3,3,0,2,3,3,3,0,2,3,0,2,3,0,3,1,0,3,3,1,0,2,2,3,0,2,3,3,3,3,0,3,2,3,3,3,0,0,3,3,3,3,0,1,2,2
grenada,1,2,1,0,2,3,0,2,0,0,0,3,0,3,3,1,0,3,2,1,2,3,3,3,0,0,1,1,0,0,0,2,1,1,0,3,3,2,1,1,3,1,3,3,0,0,0,2,3,3,3,2,1,1,1,0,3,2,0,0,0,2,3,0,0,1,0,0,1,2,2,3,3,1,0,0,0,0,0,2,1,3,0,0,0,0,2,0,3,3,3,0,2,0,0,1,3,1,1,0,0,0,0,2,3,0,2,1,0,0,2,0,1,0,3,0,0,3,1,2,1,1,1,2,0,0,2,1,2,1,1,0,2,2,2,3,3,0,1,3,0,0,0,0,0,0,2,3,3,2,0,2,1,2,3,0,2,3,3,3,0,2,1,0,2,0,0,3,1,3,0,0,1,0,2,3,0,0,2,1,3,1,2,0,2,3,2,2,3,1,0,3,3,0,3,0,1,3,3
guatemala,1,3,1,0,2,2,0,2,0,0,0,3,0,0,3,1,0,3,2,1,2,3,1,3,0,0,1,1,0,0,0,2,1,1,0,1,3,2,1,1,3,1,3,0,0,0,0,2,3,3,3,1,3,1,1,0,1,2,0,0,0,2,1,0,0,1,0,1,0,2,2,2,3,3,0,0,0,0,0,2,1,3,0,0,0,0,2,0,2,1,3,0,2,0,0,1,2,1,1,0,0,0,0,2,2,0,2,1,0,0,2,0,1,0,3,0,0,3,1,2,2,1,1,2,0,0,3,1,2,1,3,0,2,2,2,3,3,0,3,3,0,0,0,0,0,0,2,3,2,2,0,2,1,2,1,0,1,3,3,3,0,2,1,0,2,0,0,3,1,0,0,0,1,0,2,2,0,0,2,1,3,1,3,0,2,2,2,2,3,1,0,3,1,0,1,0,1,2,2
guinea,1,2,1,0,2,2,0,1,0,0,0,1,0,3,1,1,0,1,3,1,2,1,1,1,0,0,3,1,0,0,0,3,1,1,0,1,2,2,1,1,1,3,1,1,0,0,0,2,3,1,2,2,1,1,1,0,1,2,0,0,0,2,3,0,0,3,0,1,1,0,3,2,3,1,0,0,0,0,0,2,1,1,0,0,1,0,1,0,2,1,1,0,2,0,0,1,2,3,1,0,0,0,0,2,2,0,2,3,0,0,2,0,1,0,2,0,0,1,2,2,2,2,1,2,0,0,2,3,3,1,1,0,2,2,2,1,1,0,1,1,0,0,0,0,0,0,3,2,2,2,0,2,1,3,1,0,3,3,1,1,0,2,1,0,2,0,1,3,1,2,0,0,1,0,2,2,0,0,3,1,1,3,1,0,2,2,1,2,1,1,0,2,1,0,1,0,1,2,2
guinea-bissau,1,2,1,0,2,2,0,1,0,0,0,1,0,3,1,1,0,1,3,1,2,1,1,1,0,0,3,1,0,0,0,3,1,1,0,1,2,2,1,1,1,3,1,0,0,0,0,2,3,1,3,1,1,1,1,0,1,2,0,0,0,2,3,0,0,3,0,1,1,3,0,2,3,1,0,0,0,0,0,2,1,1,0,0,1,0,1,0,2,1,1,0,2,0,0,1,2,3,1,0,0,0,0,2,2,0,2,3,0,0,2,0,1,0,2,0,0,1,1,2,1,2,1,2,0,0,2,3,3,1,1,0,2,2,2,1,1,0,1,1,0,0,0,0,0,0,2,2,2,2,0,3,1,3,3,0,3,3,1,1,0,2,1,0,2,0,1,3,1,2,0,0,1,0,2,2,0,0,3,1,1,3,1,0,2,2,1,2,1,1,0,2,1,0,1,0,1,2,2
guyana,1,2,1,0,2,3,0,2,0,0,0,3,0,0,3,1,0,3,2,1,2,1,3,3,0,0,1,1,0,0,0,2,1,1,0,1,3,2,1,1,3,1,1,0,0,0,0,2,3,3,3,2,1,1,1,0,3,2,0,0,0,2,3,0,0,1,0,3,1,2,2,0,3,1,0,0,0,0,0,2,1,3,0,0,0,0,2,0,2,1,3,0,2,0,0,1,3,1,1,0,0,0,0,2,2,0,2,1,0,0,2,0,1,0,2,0,0,1,1,2,1,1,1,2,0,0,2,1,2,1,1,0,2,2,2,3,3,0,1,3,0,0,0,0,0,0,2,3,3,2,0,2,1,2,1,0,2,3,1,1,0,2,3,3,2,0,0,3,1,3,0,0,1,0,2,3,0,0,2,1,3,1,1,0,2,2,1,2,1,1,0,2,3,0,1,0,1,2,2
haiti,1,2,1,0,2,2,0,2,0,0,0,1,0,0,1,1,0,1,3,1,2,1,1,1,0,0,1,1,0,0,0,2,1,1,0,1,2,2,1,1,1,1,1,0,0,0,0,2,1,1,0,2,1,1,1,0,1,2,0,0,0,2,3,0,0,1,0,3,1,2,2,2,0,1,0,0,0,0,0,2,1,1,0,0,1,0,2,0,2,1,1,0,2,0,0,1,2,1,1,0,0,0,0,2,2,0,2,1,0,0,2,0,1,0,2,0,0,1,1,2,1,1,1,2,0,0,1,1,2,1,1,0,2,2,2,3,1,0,1,1,0,0,0,0,0,0,3,2,1,2,0,2,1,2,1,0,1,3,1,1,0,2,1,0,2,0,0,3,1,1,0,0,1,0,2,2,0,0,2,1,1,1,2,0,2,2,2,2,1,1,0,2,1,0,1,0,1,2,2
honduras,1,3,1,0,2,2,0,2,0,0,0,3,0,0,1,1,0,3,2,1,2,3,1,3,0,0,1,1,0,0,0,2,1,1,0,1,3,2,1,1,3,1,3,0,0,0,0,2,3,3,3,1,3,1,1,0,1,2,0,0,0,2,3,0,0,1,0,1,3,2,2,2,3,0,0,0,0,0,0,2,1,3,0,0,1,0,2,0,2,1,3,0,2,0,0,1,2,1,1,0,0,0,0,2,2,0,2,1,0,0,2,0,1,0,3,0,0,3,1,2,1,1,1,2,0,0,3,1,2,1,3,0,2,1,2,3,3,0,3,3,0,0,0,0,0,0,2,3,2,2,0,2,1,2,1,0,1,3,3,3,0,2,1,0,2,0,0,3,1,0,0,0,1,0,2,2,0,0,2,1,3,3,3,0,2,2,2,3,3,1,0,3,1,0,1,0,1,2,2
hong-kong,1,3,1,0,2,3,0,3,0,0,0,3,0,0,3,3,0,3,3,1,2,3,3,3,0,0,2,1,0,0,0,3,1,1,0,1,3,2,1,1,1,1,3,0,3,0,0,2,3,3,3,3,1,1,1,0,1,2,0,0,0,2,1,0,0,1,0,3,1,2,2,3,3,1,0,0,0,0,0,3,1,3,0,0,1,0,2,0,2,3,3,0,2,0,0,2,3,1,1,0,0,0,3,2,3,0,2,1,3,0,2,0,3,0,3,0,0,3,3,2,1,3,1,2,0,0,3,3,2,1,3,0,2,1,2,3,3,0,1,3,0,0,0,0,0,0,2,3,3,2,0,2,2,1,3,0,1,3,3,3,0,2,3,0,2,0,0,3,1,3,0,0,1,0,2,3,3,0,2,2,3,3,3,0,2,3,3,2,3,1,0,3,3,0,3,0,3,3,3
hungary,1,3,1,3,2,3,0,3,0,3,0,3,0,0,3,3,0,3,2,1,3,3,3,3,0,3,2,1,0,0,0,3,1,1,0,1,3,2,1,1,3,1,3,0,3,3,0,2,3,3,3,2,3,1,1,3,3,2,0,3,3,2,3,3,3,1,3,3,3,2,2,2,3,3,0,0,3,0,0,2,2,3,0,3,0,0,2,0,2,3,3,0,3,0,3,2,2,1,1,3,3,3,0,2,2,0,2,1,3,0,2,0,3,0,3,3,0,3,3,2,2,2,1,2,3,0,3,1,2,1,3,0,2,2,3,3,3,0,3,3,0,3,3,0,3,0,2,3,3,3,3,3,2,3,3,0,2,3,3,3,0,2,3,0,2,3,0,3,1,0,3,3,1,0,2,2,3,0,2,3,3,3,3,0,3,2,3,3,3,0,0,3,3,3,3,0,1,2,2
iceland,1,3,1,3,2,3,0,3,0,3,0,3,0,0,3,3,0,3,2,1,3,3,3,3,0,3,2,1,0,0,0,3,1,1,0,1,3,2,1,1,3,1,3,0,3,3,0,2,3,3,3,2,3,1,1,3,1,2,0,3,3,2,3,0,3,1,3,3,3,2,2,2,3,3,0,0,0,0,0,2,1,3,0,3,0,0,2,0,2,3,3,0,3,0,3,2,3,1,1,3,3,3,0,2,2,0,2,1,3,0,2,0,3,0,3,3,0,3,3,2,2,3,1,2,3,0,3,1,2,1,3,0,2,2,2,3,3,0,3,3,0,3,3,0,3,0,2,3,3,2,3,3,2,2,3,0,1,3,3,3,0,2,3,0,2,3,0,3,1,0,3,3,1,0,2,2,3,0,2,3,3,3,3,0,3,2,3,3,3,0,0,3,3,3,3,0,1,2,2
india,1,2,1,0,2,2,0,2,0,0,0,1,0,0,3,1,0,1,2,3,2,1,1,1,0,0,1,1,0,0,0,2,1,1,0,1,2,2,1,1,1,1,1,1,0,0,0,2,3,1,2,1,3,1,1,0,1,2,0,0,0,2,3,0,0,1,0,3,1,2,2,2,3,1,0,0,0,0,0,2,1,1,0,0,0,0,1,0,2,1,1,0,2,0,0,1,2,1,1,0,0,0,0,2,2,0,2,1,0,0,2,0,1,0,2,0,0,1,1,1,2,1,1,3,0,0,1,1,2,1,1,0,2,1,2,3,1,0,1,1,0,0,0,0,0,2,2,3,2,2,0,2,1,3,3,0,2,2,1,1,0,2,1,0,2,0,0,3,1,0,0,0,1,0,2,2,0,0,2,1,3,3,1,0,2,2,1,2,1,1,0,2,3,0,1,0,1,2,2
indonesia,1,2,1,0,2,2,0,2,0,0,0,1,0,0,3,3,0,1,2,1,2,1,1,3,0,0,1,1,0,0,0,2,1,1,0,1,3,2,1,1,1,1,1,0,0,0,0,2,3,1,3,1,1,1,1,0,1,2,0,0,0,2,3,0,0,1,0,1,1,2,2,3,3,1,0,0,0,0,0,2,1,1,0,0,1,0,2,0,2,1,1,0,2,0,0,1,2,1,1,0,0,0,0,2,2,0,2,3,0,0,2,0,1,0,2,0,0,1,3,2,3,3,1,2,0,0,2,1,2,1,1,0,2,2,2,3,1,0,1,3,0,0,0,0,0,0,3,3,1,2,0,2,1,2,3,0,2,3,1,1,0,2,1,0,2,0,0,3,1,3,0,0,1,0,2,2,3,0,2,1,1,1,2,0,2,2,2,2,1,1,0,3,1,0,1,0,1,2,2
iran,1,2,1,0,2,2,0,3,0,0,0,1,0,0,1,1,0,1,2,1,2,1,1,1,0,0,1,1,0,0,0,2,1,1,0,1,2,2,1,1,1,1,1,1,0,0,0,2,3,1,1,1,1,1,1,0,1,2,0,0,0,2,1,0,0,1,0,1,1,2,2,2,3,1,0,0,0,0,0,0,1,1,0,0,1,0,1,0,2,1,1,0,2,0,0,2,2,1,1,0,0,0,0,2,2,0,2,1,0,0,2,0,1,0,2,0,0,1,1,2,1,1,1,2,0,0,1,1,2,1,1,0,2,2,2,1,1,0,1,1,0,0,0,0,0,0,2,2,1,2,0,2,1,2,1,0,2,2,1,1,0,2,1,0,2,0,0,1,1,2,0,0,1,0,2,2,0,0,2,1,1,1,3,0,2,2,1,2,1,1,0,2,1,0,1,0,1,2,2
iraq,1,2,1,0,2,2,0,1,0,0,0,1,0,0,1,1,0,1,2,1,2,1,1,1,0,0,1,1,0,0,0,2,1,1,0,1,2,2,1,1,1,1,1,1,0,0,0,2,3,1,2,1,1,1,1,0,1,2,0,0,0,2,1,0,0,1,0,1,1,2,2,2,3,1,0,0,0,0,0,2,0,1,0,0,1,0,1,0,1,1,1,0,2,0,0,2,2,1,1,0,0,0,0,2,2,0,2,1,0,0,2,0,1,0,2,0,0,1,1,2,1,1,1,0,0,0,1,1,2,1,1,0,2,1,2,1,1,0,1,1,0,0,0,0,0,0,2,2,1,2,0,2,1,2,1,0,1,2,1,1,0,2,1,0,2,0,0,1,1,2,0,0,1,0,2,2,0,0,2,1,1,1,1,0,2,2,1,2,1,1,0,2,1,0,1,0,1,2,2
ireland,1,3,1,3,2,3,0,3,0,3,0,3,0,0,3,3,0,3,2,1,3,3,3,3,0,3,2,1,0,0,0,3,1,1,0,1,3,2,1,1,3,1,3,0,3,3,0,2,3,3,3,2,3,1,1,3,3,2,0,3,3,2,3,3,3,1,3,3,3,2,2,3,3,3,0,0,3,0,0,2,2,0,0,3,0,0,2,0,2,3,3,0,3,0,3,2,3,1,1,3,3,3,0,2,2,0,2,1,3,0,2,0,3,0,3,3,0,3,3,2,2,3,1,2,3,0,3,1,2,1,3,0,2,2,2,3,3,0,3,3,0,3,3,0,3,0,2,3,3,2,3,3,2,3,3,0,2,3,3,3,0,2,3,3,2,3,0,3,1,2,3,3,1,0,2,2,3,0,2,2,3,3,3,0,2,2,3,2,3,0,0,3,3,3,3,0,1,3,2
israel,1,3,1,0,2,2,0,2,0,0,0,3,0,0,3,3,0,3,2,1,2,3,3,3,0,3,1,1,0,0,0,2,3,1,0,1,3,2,1,1,3,1,3,0,0,0,0,2,3,3,3,1,3,1,1,0,3,2,0,0,0,2,1,3,0,1,3,3,3,2,2,2,3,3,0,0,0,0,0,2,1,3,0,0,0,0,2,0,2,1,3,0,2,0,0,1,3,1,1,0,0,0,0,2,3,0,2,1,0,0,2,0,3,0,3,0,0,3,1,2,2,1,2,2,0,0,3,1,2,1,3,0,2,1,3,3,3,0,3,3,0,0,0,0,0,0,2,3,3,2,0,2,1,2,3,0,2,3,3,3,0,2,3,0,2,0,0,3,1,3,0,0,1,0,2,2,3,0,2,2,3,1,3,0,2,2,3,2,3,1,0,3,3,0,1,0,1,2,2
italy,1,3,1,3,2,3,0,3,0,3,0,3,0,0,3,3,0,3,2,1,3,3,3,3,0,3,2,1,0,0,0,3,1,1,0,1,3,2,1,1,3,1,3,0,3,3,0,2,3,3,3,2,3,1,1,3,3,2,0,3,3,2,3,3,3,1,3,3,3,2,2,3,3,3,0,0,3,0,0,2,2,3,0,0,0,0,2,0,2,3,3,0,3,0,3,2,3,1,1,3,3,3,0,2,2,0,2,1,3,0,2,0,3,0,3,3,0,3,3,2,2,3,1,2,3,0,3,1,2,1,3,0,2,2,3,3,3,0,3,3,0,3,3,0,3,0,2,3,3,3,3,3,2,3,3,0,2,3,3,3,0,2,3,0,2,3,0,3,1,0,3,3,1,0,2,2,3,0,2,3,3,3,3,0,3,2,3,3,3,0,0,3,3,3,3,0,1,2,2
jamaica,1,2,1,0,2,3,0,2,0,0,0,3,0,3,3,1,0,3,2,1,2,1,3,3,0,0,1,1,0,0,0,2,1,1,0,1,3,2,1,1,1,1,1,0,0,0,0,2,3,3,3,2,1,1,1,0,3,2,0,0,0,2,3,0,0,3,0,3,1,2,2,3,3,1,0,0,0,0,0,2,1,1,0,0,0,0,2,0,3,3,1,0,2,0,0,1,3,1,1,0,0,0,0,2,3,0,2,1,0,0,2,0,3,0,2,0,0,1,1,2,2,3,1,2,0,0,2,1,2,1,1,0,2,2,2,3,3,0,1,3,0,0,0,0,0,0,2,3,3,2,0,2,1,2,3,0,2,3,1,1,0,2,3,0,2,0,0,3,1,3,0,0,1,0,2,3,0,0,2,1,3,1,2,0,2,3,2,2,1,1,0,3,3,0,3,0,1,3,3
japan,1,3,1,3,2,3,0,3,0,3,0,3,0,0,3,3,0,3,2,1,3,3,3,3,0,3,1,1,0,0,0,2,1,1,0,3,3,2,1,1,3,1,3,0,0,3,0,2,3,3,3,2,3,1,1,3,3,2,0,3,3,2,1,0,3,1,3,3,3,2,2,3,3,3,0,0,3,0,0,2,2,3,0,3,0,0,2,0,2,3,3,0,3,0,0,2,3,1,1,0,3,3,0,2,2,0,2,1,3,0,2,0,3,0,3,3,0,3,3,2,1,3,1,2,3,0,3,1,2,1,3,0,2,2,2,3,3,0,3,3,0,3,3,0,3,2,2,3,3,2,3,3,2,3,3,0,2,3,3,3,0,2,3,0,2,0,0,3,1,3,3,3,1,0,2,2,3,0,2,2,3,3,3,0,2,2,3,2,3,0,0,3,3,3,3,0,1,2,2
jordan,1,2,1,0,2,2,0,2,0,0,0,1,0,0,3,1,0,1,2,1,2,1,1,1,0,0,1,1,0,0,0,2,1,1,0,1,2,2,1,1,1,1,1,0,0,0,0,2,3,1,3,3,1,1,1,0,1,2,0,0,0,2,1,0,0,1,0,1,1,2,2,2,3,1,0,0,0,0,0,1,1,1,0,0,1,0,0,0,2,1,3,0,2,0,0,3,2,1,3,0,0,0,0,2,2,0,2,1,0,0,2,0,1,0,2,0,0,1,1,2,2,1,1,2,0,0,2,1,2,1,1,0,2,2,2,1,1,0,1,1,0,0,0,0,0,0,2,3,1,2,0,2,1,2,1,0,1,2,1,1,0,2,3,0,2,0,0,1,1,2,0,0,3,0,2,2,0,0,2,1,1,3,3,0,2,2,1,2,1,1,0,2,1,0,1,0,2,2,2
kazakhstan,1,3,1,0,2,3,0,3,0,0,0,1,0,0,3,3,0,1,2,1,2,1,1,3,0,0,1,1,0,0,0,2,1,1,0,1,3,2,1,1,3,1,1,0,0,0,0,2,3,3,3,2,1,1,1,0,1,2,0,0,0,2,3,3,0,1,0,1,1,2,2,2,3,1,0,0,0,0,0,2,1,1,0,0,2,0,2,0,2,1,1,0,3,0,0,2,2,1,1,0,0,0,0,2,2,0,2,1,0,0,2,0,1,0,3,0,0,1,1,2,2,3,1,2,0,0,2,1,2,1,1,0,2,2,2,3,1,0,1,1,0,0,0,0,0,3,2,2,1,2,0,2,2,2,3,0,2,2,1,1,0,2,1,0,2,0,0,3,1,2,0,0,1,0,3,2,0,0,2,1,1,3,3,0,2,2,3,2,1,1,0,3,1,0,1,0,1,2,2
kenya,1,2,1,0,2,3,0,1,0,0,0,3,0,0,3,1,0,1,3,1,2,1,3,1,0,0,2,3,0,0,0,2,1,1,0,1,2,2,1,2,1,1,1,3,0,0,0,2,3,1,2,1,1,1,1,0,3,3,0,0,0,2,3,0,0,3,0,3,1,2,2,2,3,1,0,0,0,0,0,2,1,1,0,0,0,0,2,0,0,3,1,0,2,0,0,1,3,1,1,0,0,0,0,2,3,0,2,1,0,0,2,0,1,0,2,0,0,1,1,2,2,3,1,2,0,0,1,1,2,1,1,0,2,2,2,1,3,0,1,1,0,0,0,0,0,0,3,3,2,2,0,2,1,2,1,0,2,3,1,1,0,2,1,0,2,0,1,3,2,2,0,0,1,0,2,3,0,0,2,1,3,1,1,0,2,3,1,2,1,1,0,2,3,0,1,0,1,3,3
kiribati,1,2,1,0,2,3,0,2,0,0,0,3,0,0,3,1,0,3,2,1,2,3,3,1,0,0,1,1,0,0,0,2,1,1,0,1,2,2,1,1,3,1,3,0,0,0,0,2,3,3,3,2,1,1,1,0,1,2,0,0,0,2,3,0,0,1,0,3,1,2,2,2,3,1,0,0,0,0,0,2,1,3,0,0,0,0,2,0,3,0,3,0,2,0,0,1,3,1,1,0,0,0,0,2,3,0,2,1,0,0,2,0,1,0,3,0,0,1,1,2,1,1,1,2,0,0,2,1,2,1,1,0,2,2,2,3,3,0,1,3,0,0,0,0,0,0,2,3,3,2,0,2,1,2,1,0,2,3,3,3,0,2,1,0,2,0,0,3,1,2,0,0,1,0,2,3,0,0,2,2,3,3,1,0,2,2,2,3,3,1,0,2,3,0,1,0,1,3,3
kosovo,1,3,1,0,2,3,0,0,0,0,0,1,0,0,1,1,0,1,2,1,2,1,1,1,0,0,1,1,0,0,0,2,1,1,0,1,2,2,1,1,1,1,1,0,0,0,0,2,3,1,3,1,1,1,1,0,1,2,0,0,0,2,3,0,0,1,0,1,1,2,2,2,3,1,0,0,0,0,0,2,1,1,0,0,2,0,2,0,1,1,0,0,2,0,0,1,2,1,1,0,0,0,0,2,2,0,2,1,0,0,2,0,1,0,2,0,0,3,1,2,1,1,1,2,0,0,1,1,2,1,3,0,2,2,2,3,1,0,1,1,0,0,0,0,0,0,2,2,1,2,0,2,1,1,3,0,1,2,1,1,0,2,1,0,2,0,0,3,1,2,0,0,1,0,2,2,0,0,2,1,1,1,3,0,2,2,1,2,1,1,0,2,1,0,1,0,1,2,2
kuwait,1,3,1,0,2,2,0,2,0,0,0,3,3,0,1,3,0,1,2,1,2,3,3,1,0,0,1,1,0,0,0,2,1,1,0,1,2,2,1,1,1,1,1,0,0,0,0,2,3,3,3,3,3,1,1,0,3,2,0,0,0,2,1,0,0,1,0,1,3,2,2,2,3,3,0,0,0,0,0,2,1,1,0,0,1,0,3,0,2,1,3,0,3,0,0,3,2,1,1,0,0,0,0,2,2,0,2,1,0,0,2,0,1,0,2,0,0,3,3,2,2,1,1,2,0,0,3,1,2,1,1,0,3,2,2,3,3,0,1,1,0,0,0,3,0,0,2,3,3,2,0,3,3,2,3,0,2,3,1,1,0,2,1,0,2,0,0,3,3,2,0,0,3,0,2,2,3,0,2,1,1,3,3,0,2,2,3,3,0,1,0,2,3,0,1,0,2,2,2
kyrgyzstan,1,2,1,0,2,3,0,3,0,0,0,1,0,0,3,3,0,1,2,1,2,1,1,1,0,0,1,1,0,0,0,2,1,1,0,1,2,2,1,1,1,1,1,0,0,0,0,2,3,1,3,1,1,1,1,0,1,2,0,0,0,2,1,3,0,1,0,1,1,2,2,2,3,1,0,0,0,0,0,2,1,1,0,0,2,0,2,3,2,1,1,0,0,0,0,2,2,1,1,0,0,0,0,2,2,0,2,1,0,0,2,0,1,0,3,0,0,1,1,2,2,3,1,2,0,0,2,1,2,1,1,0,2,2,2,3,1,0,1,1,0,0,0,0,0,3,2,2,2,2,0,2,1,2,3,0,2,2,1,1,0,2,1,0,2,0,0,3,1,2,0,0,1,0,3,2,0,0,2,1,1,3,3,0,2,2,3,2,1,1,0,3,1,0,1,0,1,2,2
laos,1,2,1,0,2,2,0,2,0,0,0,1,0,0,1,1,0,1,2,1,2,1,1,1,0,0,1,1,0,0,0,2,1,1,0,1,2,2,1,1,1,1,1,0,0,0,0,2,3,1,3,2,1,1,1,0,1,2,0,0,0,2,3,0,0,1,0,1,1,2,2,2,3,1,0,0,0,0,0,2,1,1,0,0,1,0,1,0,2,1,1,0,2,0,0,1,2,1,1,0,0,0,0,2,2,0,2,1,0,0,2,0,1,0,2,0,0,1,1,2,3,1,1,2,0,0,1,1,2,1,1,0,2,2,2,3,1,0,1,1,0,0,0,0,0,0,2,2,1,2,0,2,1,2,1,0,1,3,1,1,0,2,1,0,2,0,0,3,1,2,0,0,1,0,2,2,3,0,2,1,1,1,1,0,2,2,2,2,1,1,0,2,1,0,1,0,1,2,2
latvia,1,3,1,3,2,3,0,3,0,3,0,3,0,0,3,3,0,3,2,1,3,3,3,3,0,3,2,1,0,0,0,3,1,1,0,1,3,2,1,1,3,1,3,0,3,3,0,2,3,3,3,2,3,1,1,3,3,2,0,3,3,2,3,3,3,1,3,3,3,2,2,2,3,3,0,0,3,0,0,2,2,3,0,3,0,0,2,0,2,3,3,0,3,0,0,2,2,1,1,3,3,3,0,2,2,0,2,1,3,0,2,0,3,0,3,3,0,3,3,2,2,1,1,2,3,0,3,1,2,1,3,0,2,2,3,3,3,0,3,3,0,3,3,0,3,0,2,3,3,3,3,3,2,3,3,0,2,3,3,3,0,2,1,0,2,3,0,3,1,0,3,3,1,0,2,2,3,0,2,3,3,3,3,0,3,2,3,3,3,0,0,3,3,3,3,0,1,2,2
lebanon,1,2,1,0,2,2,0,2,0,0,0,1,0,0,1,1,0,1,2,1,2,1,1,1,0,0,1,1,0,0,0,2,1,1,0,1,2,2,1,1,1,1,1,0,0,0,0,2,3,1,3,1,1,1,1,0,1,2,0,0,0,2,1,0,0,1,0,1,1,2,2,2,3,1,0,0,0,0,0,3,2,1,0,0,1,0,3,0,1,1,1,0,2,0,0,0,2,1,1,0,0,0,0,2,2,0,2,1,0,0,2,0,1,0,2,0,0,1,1,2,1,1,1,2,0,0,1,1,2,1,1,0,2,2,2,3,1,0,1,1,0,0,0,0,0,0,2,2,1,2,0,2,1,2,1,0,2,2,1,1,0,2,1,0,2,0,0,1,1,2,0,0,3,0,2,2,0,0,2,1,1,1,3,0,2,2,1,2,1,1,0,2,1,0,1,0,1,2,2
lesotho,1,2,1,0,2,3,0,1,0,0,0,3,0,3,3,1,0,3,3,1,2,1,3,1,0,0,1,1,0,0,0,2,1,1,0,1,2,2,1,1,1,1,1,0,0,0,0,2,3,1,3,1,1,1,1,0,3,2,0,0,0,2,3,0,0,3,0,3,1,2,2,3,3,1,0,0,0,0,0,2,1,3,0,0,0,0,2,0,3,3,3,0,2,0,0,1,0,1,1,0,0,0,0,2,3,0,2,1,0,0,2,0,1,0,2,0,0,1,1,2,1,3,1,2,0,0,2,1,2,1,1,0,2,2,2,3,1,0,1,1,0,0,0,0,0,0,2,3,3,2,0,2,1,2,1,0,2,3,1,1,0,2,3,0,2,0,0,3,1,2,0,0,1,0,2,3,0,0,2,1,3,1,1,0,2,3,1,2,1,1,0,2,3,0,1,0,1,3,3
liberia,1,2,1,0,2,2,0,1,0,0,0,1,0,0,3,1,0,1,3,1,2,1,1,1,0,0,3,1,0,0,0,3,3,1,0,1,2,2,1,1,1,3,1,0,0,0,0,2,3,1,3,1,1,1,1,0,1,2,0,0,0,2,3,0,0,3,0,1,1,3,3,2,3,1,0,0,0,0,0,2,1,1,0,0,1,0,1,0,2,1,1,0,2,0,0,1,2,0,1,0,0,0,0,2,2,0,2,3,0,0,2,0,1,0,2,0,0,1,1,2,1,2,1,0,0,0,1,3,3,1,1,0,2,2,2,1,1,0,1,1,0,0,0,0,0,0,2,2,1,2,0,2,1,3,1,0,3,3,1,1,0,2,1,0,2,0,1,3,1,2,0,0,1,0,2,2,0,0,3,1,1,1,1,0,2,2,1,3,1,1,0,2,1,0,1,0,1,2,2
libya,1,2,3,0,2,2,0,1,0,0,0,1,0,0,1,1,0,1,3,1,2,1,1,1,0,0,2,1,0,0,0,2,1,1,0,1,2,2,1,1,1,1,1,0,0,0,0,2,3,1,2,1,1,1,1,0,1,2,0,0,0,2,3,0,0,2,0,1,1,2,2,2,3,1,0,0,0,0,0,2,1,1,0,0,1,0,1,0,1,1,1,0,2,0,0,2,2,1,0,0,0,0,0,2,2,0,2,1,0,0,3,0,1,0,2,0,0,1,1,2,1,1,1,2,0,0,1,1,2,1,1,0,2,1,2,3,1,0,1,1,0,0,0,0,0,0,2,2,1,2,0,2,1,2,1,0,1,2,1,1,0,2,1,0,2,0,0,3,1,2,0,0,1,0,2,2,0,0,2,1,1,3,1,0,2,2,1,2,1,1,0,2,1,0,1,0,1,2,2
liechtenstein,1,3,1,3,2,3,0,3,0,3,0,3,0,0,3,3,0,1,2,1,3,3,3,3,0,3,2,1,0,0,0,3,1,1,0,1,3,2,1,1,3,1,3,0,3,3,0,2,3,3,3,2,3,1,1,3,3,2,0,3,3,2,3,0,3,1,3,3,3,2,2,2,3,3,0,0,3,0,0,2,1,3,0,3,0,0,2,0,2,3,3,0,3,0,3,2,2,1,1,0,3,3,0,2,2,0,2,1,3,0,2,0,3,0,3,3,0,3,3,2,1,3,1,2,3,0,3,1,2,1,3,0,2,2,2,3,3,0,3,3,0,3,3,0,3,0,2,3,3,2,3,3,2,2,3,0,2,3,3,3,0,2,3,0,2,3,0,3,1,0,3,3,1,0,2,2,3,0,2,3,3,3,3,0,3,2,3,3,3,0,0,3,3,3,3,0,1,2,2
lithuania,1,3,1,3,2,3,0,3,0,3,0,3,0,0,3,3,0,3,2,1,3,3,3,3,0,3,2,1,0,0,0,3,1,1,0,1,3,2,1,1,3,1,3,0,3,3,0,2,3,3,3,2,3,1,1,3,3,2,0,3,3,2,3,3,3,1,3,3,3,2,2,2,3,3,0,0,3,0,0,2,2,3,0,3,0,0,2,0,2,3,3,0,3,0,3,2,2,1,1,3,0,3,0,2,2,0,2,1,3,0,2,0,3,0,3,3,0,3,3,2,2,1,1,2,3,0,3,1,2,1,3,0,2,2,3,3,3,0,3,3,0,3,3,0,3,0,2,3,3,3,3,3,2,3,3,0,2,3,3,3,0,2,1,0,2,3,0,3,1,0,3,3,1,0,2,2,3,0,2,3,3,3,3,0,3,2,3,3,3,0,0,3,3,3,3,0,1,2,2
luxembourg,1,3,1,3,2,3,0,3,0,3,0,3,0,0,3,3,0,3,2,1,3,3,3,3,0,3,2,1,0,0,0,3,1,1,0,1,3,2,1,1,3,1,3,0,3,3,0,2,3,3,3,2,3,1,1,3,3,2,0,3,3,2,3,3,3,1,3,3,3,2,2,3,3,3,0,0,3,0,0,2,2,3,0,3,0,0,2,0,2,3,3,0,3,0,0,2,3,1,1,3,3,0,0,2,2,0,2,1,3,0,2,0,3,0,3,3,0,3,3,2,2,3,1,2,3,0,3,1,2,1,3,0,2,2,3,3,3,0,3,3,0,3,3,0,3,0,2,3,3,3,3,3,2,3,3,0,2,3,3,3,0,2,3,0,2,3,0,3,1,0,3,3,1,0,2,2,3,0,2,3,3,3,3,0,3,2,3,3,3,0,0,3,3,3,3,0,1,2,2
macao,1,3,1,0,2,3,0,3,0,0,0,1,0,0,3,3,0,1,2,1,2,3,1,3,0,0,1,1,0,0,0,3,1,1,0,3,2,2,1,1,1,1,3,0,3,0,0,2,3,3,3,3,1,1,1,0,1,2,0,0,0,2,1,0,0,1,0,3,1,2,2,2,3,1,0,0,0,0,0,3,1,3,0,0,1,0,2,0,2,3,3,0,2,0,0,2,2,1,1,0,0,0,0,2,2,0,2,3,3,0,2,0,3,0,3,0,0,3,3,2,1,3,1,2,0,0,3,1,2,1,3,0,2,1,2,3,1,0,1,1,3,0,0,0,0,0,2,3,2,3,0,2,2,1,3,0,2,3,3,3,0,2,3,0,2,0,0,3,1,2,0,0,1,0,2,3,3,0,2,2,1,3,3,0,2,2,3,2,3,1,0,2,3,0,1,0,1,2,2
madagascar,1,2,1,0,2,3,0,1,0,0,0,1,0,0,1,1,0,1,3,1,2,1,1,1,0,0,1,1,0,0,0,2,1,1,0,1,2,2,1,1,1,1,1,0,0,0,0,2,3,1,3,1,3,1,1,0,3,2,0,0,0,2,3,0,0,2,0,1,3,2,2,2,3,3,0,0,0,0,0,2,1,1,0,0,1,0,1,0,2,1,1,0,2,0,0,1,2,1,1,0,0,0,0,0,2,0,2,1,0,0,2,0,1,0,2,0,0,1,1,2,1,2,1,2,0,0,3,1,2,1,1,0,2,2,2,1,3,0,1,1,0,0,0,0,0,0,2,2,2,2,0,2,1,2,1,0,1,3,1,1,0,2,3,0,2,0,0,3,1,2,0,0,1,0,2,3,0,0,2,1,1,1,1,0,2,3,1,2,1,1,0,2,1,0,1,0,1,2,3
malawi,1,2,1,0,2,3,0,1,0,0,0,3,0,3,3,1,0,3,3,1,2,1,3,1,0,0,1,1,0,0,0,2,1,1,0,1,2,2,1,1,1,1,1,0,0,0,0,2,3,1,3,1,1,1,1,0,3,2,0,0,0,2,3,0,0,2,0,3,1,2,2,2,3,1,0,0,0,0,0,2,1,1,0,0,0,0,2,0,3,3,3,0,2,0,0,1,3,1,1,0,0,0,0,2,0,0,2,1,0,0,2,0,1,0,2,0,0,1,1,3,1,3,1,2,0,0,2,1,2,1,1,0,2,2,2,3,1,0,1,1,0,0,0,0,0,0,2,3,3,2,0,2,1,2,1,0,2,3,1,1,0,2,3,0,2,0,0,3,1,2,0,0,1,0,2,3,0,0,2,1,3,1,1,0,2,3,1,2,1,1,0,2,3,0,1,0,1,3,3
malaysia,1,3,3,0,2,3,0,2,0,0,0,3,0,0,3,3,0,3,2,1,2,3,3,3,0,0,1,1,0,0,0,2,1,1,0,1,2,2,1,1,3,1,3,3,0,0,0,2,3,3,3,2,3,1,1,0,3,2,0,0,0,2,3,0,0,1,0,3,3,2,2,3,3,3,0,0,0,0,0,3,1,3,0,0,0,0,2,0,3,3,3,0,3,0,0,2,3,1,1,0,0,0,0,2,3,0,2,1,0,0,2,0,3,0,3,0,0,3,3,2,2,3,1,2,0,0,3,1,2,1,3,0,2,2,2,3,3,0,1,3,0,0,0,0,0,0,2,3,2,2,0,2,2,2,1,0,2,3,3,3,0,2,3,0,2,0,0,3,2,3,0,0,1,0,2,3,3,0,2,2,3,3,3,0,2,2,2,2,3,1,0,3,3,0,3,0,2,3,3
maldives,1,2,1,0,2,3,0,2,0,0,0,3,0,3,3,1,0,3,2,3,2,1,3,1,0,0,1,1,0,0,0,2,1,1,0,1,2,2,1,1,3,1,1,0,0,0,0,2,3,1,3,2,1,1,1,0,3,2,0,0,0,2,3,0,0,1,0,3,1,2,2,2,3,1,0,0,0,0,0,2,1,3,0,0,0,0,2,0,3,1,3,0,2,0,0,1,3,1,1,0,0,0,0,2,2,0,0,1,0,0,2,0,1,0,2,0,0,1,3,2,2,1,1,2,0,0,2,1,2,1,1,0,2,3,2,3,3,0,1,1,0,0,0,0,0,3,2,3,3,2,0,2,1,2,1,0,1,3,1,1,0,2,3,0,2,0,2,3,1,2,0,0,1,0,2,2,3,0,2,1,3,3,2,0,2,2,2,3,3,1,0,2,3,0,1,0,1,3,3
mali,1,2,3,0,2,2,0,1,0,0,0,3,0,0,3,1,0,1,3,1,2,1,1,1,0,0,3,1,0,0,0,3,1,3,0,1,2,2,1,1,1,3,1,0,0,0,0,2,3,1,3,1,1,1,1,0,1,2,0,0,0,2,3,0,0,3,0,1,1,3,3,2,3,1,0,0,0,0,0,2,1,1,0,0,1,0,1,0,2,1,1,0,2,0,0,1,2,3,1,0,0,0,0,2,2,0,2,0,0,0,3,0,1,0,2,0,0,1,2,2,1,1,1,2,0,0,1,3,3,1,1,0,2,2,2,1,1,0,1,1,0,0,0,0,0,0,2,2,2,2,0,2,1,3,1,0,3,2,1,1,0,2,1,0,2,0,1,3,1,2,0,0,1,0,2,2,0,0,3,1,1,3,1,0,2,2,1,2,1,1,0,2,1,0,1,0,1,2,2
malta,1,3,1,3,2,3,0,3,0,3,0,3,0,0,3,3,0,3,2,1,2,3,3,3,0,3,2,1,0,0,0,3,1,1,0,1,3,2,1,1,3,1,3,0,3,3,0,2,3,3,3,2,3,1,1,3,3,2,0,3,3,2,3,3,3,1,3,3,3,2,2,2,3,3,0,0,3,0,0,2,2,3,0,3,0,0,2,0,2,3,3,0,3,0,3,2,2,1,1,3,3,3,0,2,2,0,2,1,0,0,2,0,3,0,3,3,0,3,3,2,2,1,1,2,3,0,3,1,2,1,3,0,2,2,3,3,3,0,3,3,0,3,3,0,3,0,2,3,3,3,3,3,2,3,3,0,2,3,3,3,0,2,3,3,2,3,0,3,1,0,3,3,1,0,2,3,0,0,2,3,3,3,3,0,3,3,3,3,3,0,0,3,3,3,3,0,1,3,3
marshall-islands,1,2,1,0,2,3,0,2,0,0,0,3,0,0,1,1,0,3,2,1,2,3,1,1,0,0,1,1,0,0,0,2,1,1,0,1,3,2,1,1,3,1,3,0,0,0,0,2,3,3,3,2,3,1,1,0,1,2,0,0,0,2,1,0,0,1,0,1,3,2,2,2,3,3,0,0,0,0,0,2,1,1,0,0,1,0,2,0,2,3,3,0,2,0,0,1,2,1,1,0,0,0,0,2,2,0,2,1,0,0,2,0,3,0,3,0,0,1,1,2,1,1,2,2,0,0,3,1,2,1,1,0,2,2,3,3,3,0,1,3,0,0,0,0,0,0,2,2,3,2,0,2,1,2,1,0,1,3,3,3,0,2,1,0,2,0,0,3,1,2,0,0,1,0,2,2,0,0,2,2,1,1,1,0,2,2,3,2,3,3,0,2,3,0,1,0,1,3,2
mauritania,1,2,3,0,2,2,0,1,0,0,0,1,0,0,3,1,0,1,3,1,2,1,1,1,0,0,3,1,0,0,0,3,1,3,0,1,2,2,2,1,1,3,1,0,0,0,0,2,3,1,3,1,1,1,1,0,1,2,0,0,0,2,3,0,0,2,0,1,1,3,2,2,3,1,0,0,0,0,0,2,1,1,0,0,1,0,1,0,2,1,1,0,2,0,0,2,2,1,1,0,0,0,0,2,2,0,2,3,0,0,0,0,1,0,2,0,0,1,1,2,1,1,1,2,0,0,2,3,2,1,1,0,2,1,2,1,1,0,1,1,0,0,0,0,0,0,2,2,2,2,0,2,1,3,1,0,3,3,1,1,0,2,1,0,2,0,0,3,1,2,0,0,3,0,2,2,0,0,1,1,1,3,1,0,2,2,1,2,1,1,0,2,1,0,1,0,1,2,2
mauritius,1,3,1,0,3,3,0,1,0,0,0,3,0,0,3,1,0,3,3,1,2,3,3,1,0,0,1,1,0,0,0,2,1,1,0,3,2,2,1,2,3,1,3,0,0,0,0,2,3,3,3,1,1,1,1,0,3,2,0,0,0,3,3,0,0,3,0,3,1,2,2,2,3,1,0,0,0,0,0,2,1,1,0,0,0,0,2,0,3,3,3,0,2,0,0,1,3,1,1,0,0,0,0,2,3,0,2,1,0,0,2,0,1,0,3,0,0,3,1,3,2,3,1,2,0,0,2,1,2,1,3,0,2,2,2,3,3,0,1,1,0,0,0,0,0,0,3,3,3,2,0,2,1,3,1,0,2,3,3,3,0,2,3,0,2,0,0,3,1,2,0,0,1,0,2,3,3,0,2,1,3,3,2,0,2,3,2,2,3,1,0,2,3,0,1,0,1,3,3
mexico,1,3,1,0,2,3,0,2,0,0,0,3,0,0,3,3,0,3,2,1,3,3,3,3,0,0,1,1,0,0,0,2,1,1,0,1,3,2,1,1,3,1,3,0,0,0,0,2,3,3,3,2,3,1,1,0,1,2,0,0,0,2,1,0,0,1,0,3,3,2,2,2,3,3,0,0,0,0,0,2,1,3,0,0,0,0,2,0,2,1,3,0,2,0,0,2,2,1,1,0,0,0,0,2,2,0,2,1,0,0,2,0,0,0,3,0,0,3,3,2,2,2,1,2,0,0,3,1,2,1,3,0,2,2,2,3,3,0,3,3,0,0,0,0,0,0,2,3,3,2,0,2,1,2,3,0,1,3,3,3,0,2,1,3,2,0,0,3,1,0,0,0,1,0,2,2,0,0,2,1,3,3,2,0,2,2,2,3,3,1,0,3,3,0,3,0,1,2,2
micronesia,1,2,1,0,2,2,0,1,0,0,0,1,0,0,1,3,0,3,2,1,2,3,1,1,0,0,1,1,0,0,0,2,1,1,0,1,3,2,1,1,3,1,3,0,0,0,0,2,3,3,3,2,1,1,1,0,1,2,0,0,0,2,3,0,0,1,0,3,1,2,2,2,3,1,0,0,0,0,0,2,1,1,0,0,1,0,1,0,2,3,3,0,2,0,0,1,2,1,1,0,0,0,0,2,2,0,2,1,0,0,2,0,3,0,3,0,0,1,1,2,1,1,2,2,0,0,2,1,2,1,1,0,2,2,3,3,3,0,1,3,0,0,0,0,0,0,2,2,3,2,0,2,1,2,1,0,1,3,3,3,0,2,1,0,2,0,0,3,1,2,0,0,1,0,2,2,0,0,2,2,1,1,1,0,2,2,2,2,3,3,0,2,3,0,1,0,1,2,2
moldova,1,3,1,0,2,3,0,3,0,0,0,3,0,0,3,3,0,1,2,1,2,3,1,1,0,3,1,1,0,0,0,2,1,1,0,1,3,2,1,1,1,1,3,0,0,0,0,2,3,1,3,1,1,1,1,0,1,2,0,0,0,2,3,0,0,1,0,1,1,2,2,2,3,1,0,0,0,0,0,2,1,1,0,0,2,0,1,0,2,1,1,0,1,0,0,2,2,1,1,0,0,0,0,2,2,0,2,1,0,0,2,0,1,0,0,0,0,3,1,2,1,3,1,2,0,0,2,1,2,1,3,0,2,2,2,3,3,0,1,3,0,0,0,0,0,0,2,3,1,2,0,2,1,2,3,0,2,2,3,3,0,2,1,0,2,0,0,3,1,2,0,0,1,0,3,2,0,0,2,1,1,3,3,0,2,2,3,2,1,1,0,3,1,0,1,0,1,2,2
monaco,1,3,1,3,2,3,0,3,0,3,0,3,0,0,3,3,0,3,2,1,3,3,3,3,0,3,1,1,0,0,0,3,1,1,0,1,3,2,1,1,3,1,3,0,3,3,0,2,3,3,3,2,3,1,1,3,3,2,0,0,3,2,3,0,3,1,0,3,3,2,2,2,3,3,0,0,3,0,0,2,1,3,0,0,0,0,2,0,2,1,3,0,3,0,3,2,2,1,1,3,3,3,0,2,2,0,2,1,3,0,2,0,3,0,3,0,0,3,3,2,2,1,1,2,3,0,3,1,2,1,3,0,2,2,2,3,3,0,3,3,0,3,3,0,3,0,2,3,3,2,0,3,2,2,3,0,1,3,3,3,0,2,3,3,2,3,0,3,1,2,3,3,1,0,2,2,3,0,2,2,1,3,3,0,2,2,3,2,3,0,0,3,3,3,3,0,1,2,2
mongolia,1,2,1,0,2,2,0,2,0,0,0,1,0,0,1,3,0,1,2,1,2,1,1,3,0,0,1,1,0,0,0,2,1,1,0,3,2,2,1,1,1,1,1,3,0,0,0,2,3,1,3,1,1,1,1,0,1,2,0,0,0,2,1,0,0,1,0,1,1,2,2,2,3,1,0,0,0,0,0,2,1,1,0,0,1,0,1,0,2,1,1,0,3,0,0,1,2,1,1,0,0,0,0,2,2,0,2,1,0,0,2,0,1,0,2,0,0,1,1,2,2,1,1,2,0,0,1,1,2,1,1,0,2,2,2,3,3,0,1,1,0,0,0,0,0,0,2,2,2,2,0,2,1,2,3,0,1,3,1,1,0,2,1,0,2,0,0,3,1,2,0,0,1,0,2,2,3,0,2,1,1,1,3,0,2,2,1,2,1,1,0,3,1,0,1,0,1,2,2
montenegro,1,3,1,0,2,2,0,3,0,0,0,1,0,0,1,3,0,1,2,1,2,3,1,3,0,3,1,1,0,0,0,2,1,1,0,1,3,2,1,1,3,1,3,3,0,0,0,2,3,1,3,2,1,1,1,0,3,2,0,0,0,2,3,0,0,1,0,1,1,2,2,2,3,1,0,0,0,0,0,2,1,1,0,0,2,0,2,0,2,1,3,0,1,0,0,2,2,1,1,0,0,0,0,2,2,0,2,1,0,0,2,0,1,0,3,0,0,0,1,2,1,1,1,2,0,0,2,1,2,1,3,0,2,2,2,3,3,0,1,3,0,0,0,0,0,0,2,2,3,2,0,2,2,2,3,0,1,3,3,3,0,2,1,0,2,0,0,3,1,2,0,0,1,0,2,2,0,0,2,1,3,3,3,0,2,2,3,3,1,1,0,3,1,0,1,0,1,3,2
morocco,1,2,3,0,2,2,0,1,0,0,0,1,0,0,3,1,0,3,3,1,2,1,1,3,0,0,1,1,0,0,0,1,1,1,0,1,2,2,2,1,1,3,1,0,0,0,0,2,3,1,3,1,1,1,1,0,1,2,0,0,0,3,3,0,0,1,0,3,1,3,2,2,3,1,0,0,0,0,0,2,1,1,0,0,1,0,2,0,2,1,1,0,2,0,0,2,2,1,1,0,0,0,0,2,2,0,2,3,0,0,2,0,1,0,2,0,0,1,0,2,2,1,1,2,0,0,2,3,2,1,1,0,2,2,2,3,1,0,1,1,0,0,0,0,0,0,2,2,1,2,0,3,1,3,1,0,1,2,1,1,0,2,1,0,2,0,0,3,1,2,0,0,3,0,2,2,0,0,2,1,1,3,3,0,2,2,1,2,1,1,0,2,3,0,1,0,1,2,2
mozambique,1,2,1,0,3,2,0,1,0,0,0,1,0,0,1,1,0,1,3,1,2,1,3,1,0,0,1,1,0,0,0,2,1,1,0,1,2,2,1,1,1,1,1,0,0,0,0,2,3,1,3,1,1,1,1,0,3,2,0,0,0,2,3,0,0,2,0,3,1,2,2,2,3,1,0,0,0,0,0,2,1,1,0,0,0,0,1,0,2,1,1,0,2,0,0,1,2,1,1,0,0,0,0,2,3,0,2,1,0,0,2,0,1,0,2,0,0,1,1,0,1,3,1,2,0,0,2,1,2,1,1,0,2,2,2,1,1,0,1,1,0,0,0,0,0,0,2,2,2,2,0,3,1,2,1,0,2,3,1,1,0,2,3,0,2,0,0,3,1,2,0,0,1,0,2,3,0,0,2,1,1,1,1,0,2,2,1,2,1,1,0,2,3,0,1,0,1,3,3
myanmar-%5bburma%5d,1,2,1,0,2,2,0,2,0,0,0,1,0,0,1,1,0,1,2,1,2,1,1,1,0,0,1,1,0,0,0,2,1,1,0,1,2,2,1,1,1,1,1,0,0,0,0,2,3,1,3,1,1,1,1,0,1,2,0,0,0,2,1,0,0,1,0,1,1,2,2,2,3,1,0,0,0,0,0,2,1,1,0,0,1,0,2,0,2,1,1,0,2,0,0,1,2,1,1,0,0,0,0,2,2,0,2,1,0,0,2,0,1,0,2,0,0,1,1,2,0,1,1,2,0,0,2,1,2,1,1,0,2,2,1,1,1,0,1,1,0,0,0,0,0,0,2,2,1,2,0,2,1,2,1,0,1,3,1,1,0,2,1,0,2,0,0,3,1,1,0,0,1,0,2,2,3,0,2,1,1,1,1,0,2,2,2,2,1,1,0,2,1,0,1,0,1,2,2
namibia,1,2,1,0,3,3,0,1,0,0,0,3,0,0,1,1,0,3,3,1,2,1,3,3,0,0,1,1,0,0,0,2,1,1,0,1,2,2,1,1,1,1,1,3,0,0,0,2,3,3,3,1,1,1,1,0,3,2,0,0,0,2,3,0,0,2,0,3,1,3,2,2,3,1,0,0,0,0,0,2,1,1,0,0,0,0,1,0,3,1,3,0,2,0,0,1,3,1,1,0,0,0,0,2,3,0,2,1,0,0,2,0,1,0,2,0,0,1,1,2,1,0,1,2,0,0,2,1,2,1,1,0,2,2,2,1,3,0,1,1,0,0,0,0,0,0,2,2,3,2,0,2,1,2,1,0,2,3,1,1,0,2,3,0,2,0,0,3,1,2,0,0,1,0,2,3,0,0,2,1,3,3,2,0,2,2,1,2,3,1,0,2,3,0,1,0,1,3,3
nauru,1,2,1,0,2,3,0,2,0,0,0,3,0,0,1,1,0,1,2,1,2,1,3,1,0,0,1,1,0,0,0,2,1,1,0,1,2,2,1,1,3,1,1,0,0,0,0,2,3,3,3,2,1,1,1,0,3,2,0,0,0,2,3,0,0,1,0,3,1,2,2,2,3,1,0,0,0,0,0,2,1,3,0,0,0,0,2,0,3,3,3,0,2,0,0,1,3,1,1,0,0,0,0,2,3,0,2,1,0,0,2,0,1,0,2,0,0,1,1,2,1,1,0,2,0,0,2,1,2,1,1,0,2,2,2,3,3,0,1,3,0,0,0,0,0,0,2,3,3,2,0,2,1,2,1,0,2,3,1,1,0,2,1,0,2,0,0,3,1,2,0,0,1,0,2,3,0,0,2,2,3,1,1,0,2,2,2,3,3,1,0,2,3,0,1,0,1,2,3
nepal,1,2,1,0,2,2,0,1,0,0,0,1,0,0,1,1,0,1,2,1,2,1,1,1,0,0,1,1,0,0,0,2,1,1,0,1,2,2,1,1,1,1,1,1,0,0,0,2,3,1,2,2,1,1,1,0,1,2,0,0,0,2,3,0,0,1,0,1,1,2,2,2,3,1,0,0,0,3,0,2,1,1,0,0,1,0,1,0,2,1,1,0,2,0,0,1,2,1,1,0,0,0,0,2,2,0,2,1,0,0,2,0,1,0,2,0,0,1,1,2,2,1,1,0,0,0,1,1,2,1,1,0,2,3,2,3,1,0,1,1,0,0,0,0,0,0,2,2,1,2,0,2,1,2,1,0,1,3,1,1,0,2,1,0,2,0,0,3,1,2,0,0,1,0,2,2,0,0,2,1,1,1,1,0,2,2,2,2,1,1,0,2,1,0,1,0,1,2,2
netherlands,1,3,1,3,2,3,0,3,0,3,0,3,0,0,3,3,0,3,2,1,3,3,3,3,0,3,2,1,0,0,0,3,1,1,0,1,3,2,1,1,3,1,3,0,3,3,0,2,3,3,3,2,3,1,1,3,3,2,0,3,3,2,3,3,3,1,3,3,3,2,2,3,3,3,0,0,3,0,0,2,2,3,0,3,0,0,2,0,2,3,3,0,3,0,3,2,3,1,1,3,3,3,0,2,2,0,2,1,3,0,2,0,3,0,3,3,0,3,3,2,2,3,1,2,0,0,3,1,2,1,3,0,2,2,3,3,3,0,3,3,0,3,3,0,3,0,2,3,3,3,3,3,2,3,3,0,2,3,3,3,0,2,3,0,2,3,0,3,1,0,3,3,1,0,2,2,3,0,2,3,3,3,3,0,3,2,3,3,3,0,0,3,3,3,3,0,1,2,2
new-zealand,1,3,1,3,2,3,0,3,3,0,0,3,0,0,3,3,0,3,2,1,3,3,3,3,0,3,2,1,0,0,0,2,1,1,0,1,3,2,1,1,3,1,3,0,3,3,0,2,3,3,3,2,3,1,1,3,3,2,0,3,3,2,3,0,3,1,3,3,3,2,2,3,3,3,0,0,3,0,0,2,2,3,0,3,0,0,2,0,2,3,3,0,3,0,0,2,3,1,1,3,3,3,0,2,2,0,2,1,3,0,2,0,3,0,3,3,0,3,3,2,2,3,1,2,3,0,3,1,2,1,3,0,2,2,2,3,3,0,2,3,0,3,3,0,3,0,2,3,3,2,3,2,2,2,3,0,2,3,3,3,0,2,3,0,2,3,0,3,1,2,3,3,1,0,2,2,3,0,2,2,2,3,3,0,2,2,3,2,3,0,0,3,3,3,3,0,1,2,2
nicaragua,1,3,1,0,2,2,0,2,0,0,0,3,0,0,3,3,0,3,2,1,2,3,1,3,0,0,1,1,0,0,0,2,1,1,0,1,2,2,1,1,1,1,3,0,0,0,0,2,3,3,3,2,3,1,1,0,1,2,0,0,0,2,1,0,0,1,0,3,3,2,2,2,3,3,0,0,0,0,0,2,1,3,0,0,1,0,2,0,2,1,1,0,2,0,0,1,2,1,1,0,0,0,0,2,2,0,2,1,0,0,2,0,1,0,3,0,0,3,1,2,1,2,1,2,0,0,0,1,2,1,3,0,2,2,2,3,3,0,3,1,0,0,0,0,0,0,2,3,2,2,0,2,1,2,1,0,1,3,3,3,0,2,1,3,2,0,0,3,1,0,0,0,1,0,2,2,0,0,2,1,3,1,3,0,2,2,2,2,3,1,0,3,1,0,1,0,1,2,2
niger,1,2,1,0,2,2,0,1,0,0,0,1,0,0,1,1,0,1,3,1,2,1,1,1,0,0,3,1,0,0,0,3,3,3,0,1,2,2,2,1,1,3,1,0,0,0,0,2,3,1,3,1,1,1,1,0,1,2,0,0,0,2,3,0,0,3,0,1,1,3,3,2,3,1,0,0,0,0,0,2,1,1,0,0,1,0,1,0,2,1,1,0,2,0,0,1,2,3,1,0,0,0,0,2,2,0,2,3,0,0,3,0,1,0,2,0,0,1,3,2,1,1,1,2,0,0,2,0,3,1,1,0,2,2,2,1,1,0,1,1,0,0,0,0,0,0,2,2,1,2,0,2,1,3,1,0,3,3,1,1,0,2,1,0,2,0,0,3,1,2,0,0,1,0,2,2,0,0,3,1,1,3,1,0,2,2,1,2,1,1,0,2,1,0,1,0,1,2,2
nigeria,1,2,1,0,2,2,0,1,0,0,0,1,0,0,3,1,0,1,3,1,2,1,1,1,0,0,3,1,0,0,0,3,1,3,0,1,2,2,1,1,1,3,1,1,0,0,0,2,3,1,2,1,1,1,1,0,1,2,0,0,0,2,3,0,0,3,0,1,1,3,3,2,3,1,0,0,0,0,0,2,1,1,0,0,1,0,1,0,2,1,1,0,2,0,0,2,2,3,1,0,0,0,0,2,2,0,2,3,0,0,2,0,1,0,2,0,0,1,1,2,1,2,1,0,0,0,1,3,0,1,1,0,2,1,2,1,1,0,1,1,0,0,0,0,0,0,2,3,1,2,0,2,1,3,1,0,3,2,1,1,0,2,1,0,2,0,1,1,1,2,0,0,1,0,2,2,0,0,3,1,1,1,1,0,2,2,1,2,1,1,0,2,3,0,1,0,1,2,2
north-korea,1,2,1,0,2,2,0,2,0,0,0,1,0,0,1,1,0,1,2,1,2,1,1,1,0,0,1,1,0,0,0,2,1,1,0,1,2,2,1,1,1,1,1,0,0,0,0,2,3,1,2,1,1,1,1,0,1,2,0,0,0,2,3,0,0,1,0,1,1,2,2,3,3,1,0,0,0,0,0,2,1,1,0,0,1,0,2,0,1,1,1,0,3,0,0,1,2,1,1,0,0,0,0,2,2,0,2,1,0,0,2,0,1,0,2,0,0,1,1,2,2,1,1,2,0,0,2,1,2,0,1,0,2,1,2,3,1,0,1,1,0,0,0,0,0,0,2,2,1,2,0,2,1,2,1,0,1,2,1,1,0,2,1,0,2,0,0,3,1,2,0,0,1,0,2,2,0,0,2,1,1,1,1,0,2,2,1,2,1,1,0,2,1,0,1,0,1,2,2
north-macedonia,1,3,1,0,2,3,0,2,0,0,0,3,0,0,1,3,0,1,2,1,2,3,1,3,0,3,1,1,0,0,0,2,1,1,0,1,3,2,1,1,1,1,3,3,0,0,0,2,3,3,3,2,3,1,1,0,1,2,0,0,0,2,3,0,0,1,0,1,3,2,2,2,3,3,0,0,0,0,0,2,1,1,0,0,2,0,2,0,2,1,3,0,2,0,0,2,2,1,1,0,0,0,0,2,2,0,2,1,0,0,2,0,1,0,3,0,0,3,1,2,1,1,1,2,0,0,3,1,2,1,0,0,2,2,2,3,3,0,1,3,0,0,0,0,0,0,2,3,1,2,0,2,1,2,3,0,1,3,3,3,0,2,1,0,2,0,0,3,1,2,0,0,1,0,2,2,0,0,2,1,1,3,3,0,2,2,3,2,1,1,0,2,1,0,1,0,1,2,2
norway,1,3,1,3,2,3,0,3,0,3,0,3,0,0,3,3,0,3,2,1,3,3,3,3,0,3,2,1,0,0,0,3,1,1,0,1,3,2,1,1,3,1,3,0,3,3,0,2,3,3,3,2,3,1,1,3,3,2,0,3,3,2,3,3,3,1,3,3,3,2,2,3,3,3,0,0,3,0,0,2,1,3,0,3,0,0,2,0,2,3,3,0,3,0,3,2,3,1,1,3,3,3,0,2,2,0,2,1,3,0,2,0,3,0,3,3,0,3,3,2,2,3,1,2,3,0,3,1,2,1,3,0,2,2,2,3,3,0,3,3,0,3,3,0,3,0,2,3,3,2,3,3,2,2,3,0,2,3,3,3,0,2,3,0,2,3,0,3,1,0,3,3,1,0,2,2,3,0,2,3,3,3,3,0,3,2,3,3,3,0,0,3,3,3,3,0,1,2,2
oman,1,2,1,0,2,2,0,2,0,0,0,3,3,0,3,3,0,1,2,1,2,3,3,1,0,0,1,1,0,0,0,2,1,1,0,1,2,2,1,1,1,1,1,0,0,0,0,2,3,1,3,3,1,1,1,0,1,2,0,0,0,2,1,0,0,1,0,1,1,2,2,2,3,1,0,0,0,0,0,3,1,1,0,0,1,0,3,0,2,1,3,0,1,0,0,3,2,1,1,0,0,0,0,2,2,0,2,1,0,0,2,0,1,0,2,0,0,1,3,2,1,1,1,2,0,0,2,1,2,1,1,0,0,2,2,3,1,0,3,1,0,0,0,3,0,0,2,2,1,2,0,2,3,2,3,0,2,3,1,1,0,2,1,0,2,0,0,3,1,2,0,0,3,0,2,2,3,0,2,1,1,3,2,0,2,2,3,3,0,1,0,2,3,0,1,0,2,2,2
pakistan,1,2,1,0,2,2,0,1,0,0,0,1,0,0,1,1,0,1,2,1,2,1,1,1,0,0,1,1,0,0,0,2,1,1,0,1,2,2,1,1,1,1,1,1,0,0,0,2,3,1,2,1,1,1,1,0,1,2,0,0,0,2,3,0,0,1,0,1,1,2,2,2,3,1,0,0,0,0,0,1,1,1,0,0,1,0,1,0,2,1,1,0,2,0,0,1,2,1,1,0,0,0,0,2,2,0,2,1,0,0,2,0,1,0,2,0,0,1,1,1,2,1,1,2,0,0,1,1,2,1,1,0,2,0,2,1,1,0,1,1,0,0,0,0,0,0,2,2,1,2,0,2,1,2,1,0,2,2,1,1,0,2,1,0,2,0,1,3,1,2,0,0,1,0,2,2,0,0,2,1,3,1,1,0,2,2,1,2,1,1,0,2,3,0,1,0,1,2,2
palau,1,2,1,0,2,2,0,2,0,0,0,1,0,0,1,1,0,3,2,1,2,3,1,1,0,0,1,1,0,0,0,2,1,1,0,1,3,2,1,1,3,1,3,0,0,0,0,2,3,1,3,2,1,1,1,0,1,2,0,0,0,2,3,0,0,1,0,3,1,2,2,2,3,1,0,0,0,0,0,2,1,1,0,0,1,0,2,0,2,3,3,0,2,0,0,1,2,1,1,0,0,0,0,2,2,0,2,1,0,0,2,0,3,0,3,0,0,1,1,2,1,1,2,2,0,0,2,1,2,1,1,0,2,2,0,3,3,0,1,3,0,0,0,0,0,0,2,2,2,2,0,2,1,2,1,0,1,3,3,3,0,2,1,3,2,0,0,3,1,2,0,0,1,0,2,2,0,0,2,2,1,1,1,0,2,2,2,2,3,3,0,2,3,0,1,0,1,2,2
palestinian-territories,1,2,1,0,2,2,0,1,0,0,0,1,0,0,1,1,0,1,2,1,3,1,1,1,0,0,1,1,0,0,0,2,1,1,0,1,2,2,1,1,1,1,1,0,0,0,0,2,3,1,3,1,1,1,1,0,3,2,0,0,0,2,1,0,0,1,0,1,1,2,2,2,1,1,0,0,0,0,0,2,1,1,0,0,1,0,3,0,1,1,1,0,2,0,0,1,2,1,1,0,0,0,0,2,2,0,2,1,0,0,2,0,1,0,2,0,0,1,1,2,1,1,1,0,0,0,3,1,2,1,1,0,2,1,2,0,1,0,1,1,0,0,0,0,0,0,2,2,1,2,0,2,1,2,1,0,1,2,1,1,0,2,1,0,2,0,0,3,1,2,0,0,1,0,2,2,0,0,2,1,1,1,2,0,2,2,1,2,1,1,0,2,1,0,1,0,1,2,2
panama,1,3,1,0,2,3,0,2,0,0,0,3,0,0,3,3,0,3,2,1,3,3,1,3,0,0,1,1,0,0,0,2,1,1,0,1,3,2,1,1,3,1,3,0,0,0,0,2,3,3,3,2,3,1,1,0,1,2,0,0,0,2,1,0,0,1,0,1,3,2,2,3,1,3,0,0,0,0,0,2,1,3,0,0,0,0,2,0,2,1,3,0,2,0,0,2,2,1,1,0,0,0,0,2,2,0,2,1,0,0,2,0,3,0,3,0,0,3,1,2,2,1,1,2,0,0,3,1,2,1,3,0,2,2,2,3,0,0,3,3,0,0,0,0,0,0,2,3,3,2,0,2,1,2,1,0,1,3,3,3,0,2,3,0,2,0,0,3,1,0,0,0,1,0,2,2,0,0,2,1,3,1,3,0,2,2,3,2,3,1,0,3,1,0,1,0,1,2,2
papua-new-guinea,1,2,1,0,2,3,0,2,0,0,0,3,0,3,1,1,0,3,2,1,2,1,3,1,0,0,1,1,0,0,0,2,1,1,0,1,3,2,1,1,1,1,1,0,0,0,0,2,3,3,3,2,1,1,1,0,3,2,0,0,0,2,3,0,0,1,0,3,1,2,2,2,3,1,0,0,0,0,0,2,1,1,0,0,0,0,1,0,3,1,3,0,2,0,0,1,3,1,1,0,0,0,0,2,2,0,2,1,0,0,2,0,1,0,2,0,0,1,1,2,1,1,2,2,0,0,2,1,2,1,1,0,2,2,2,3,3,0,1,3,0,0,0,0,0,0,2,3,2,2,0,2,1,2,1,0,2,3,1,1,0,2,1,0,2,0,0,3,1,2,0,0,1,0,2,3,0,0,2,2,1,1,1,0,2,2,1,2,3,1,0,2,3,0,1,0,1,2,2
paraguay,1,3,1,0,2,2,3,2,0,0,0,3,0,0,1,1,0,3,2,1,3,3,3,3,0,0,2,1,0,0,0,2,1,1,0,1,3,2,1,1,3,1,3,0,0,0,0,2,3,3,3,2,3,1,1,0,1,2,0,0,0,2,1,0,0,1,0,1,3,2,2,2,3,3,0,0,0,0,0,2,1,3,0,0,0,0,2,0,2,1,3,0,2,0,0,2,2,1,1,0,0,0,0,2,2,0,2,1,0,0,2,0,3,0,3,0,0,3,1,2,1,1,1,2,0,0,3,1,2,1,3,0,2,2,2,3,3,0,0,3,0,0,0,0,0,0,2,3,2,2,0,2,1,2,3,0,1,3,3,3,0,2,3,0,2,0,0,3,1,0,0,0,1,0,2,2,0,0,2,1,1,1,3,0,2,2,3,3,3,1,0,2,1,0,1,0,1,2,2
peru,1,3,1,0,2,3,0,2,0,0,0,3,0,0,3,3,0,3,2,1,3,3,3,3,0,0,1,1,0,0,0,2,1,1,0,1,3,2,1,1,3,1,3,0,0,0,0,2,3,3,3,2,1,1,1,0,1,2,0,0,0,2,1,0,0,1,0,3,3,2,2,3,3,3,0,0,0,0,0,2,1,1,0,0,0,0,2,0,2,1,1,0,2,0,0,2,2,1,1,0,0,0,0,2,2,0,2,1,0,0,2,0,3,0,3,0,0,1,3,2,2,1,1,2,0,0,2,1,2,1,3,0,2,2,2,3,3,0,3,0,0,0,0,0,0,0,2,3,2,2,0,2,1,2,3,0,1,3,3,3,0,2,3,0,2,0,0,3,1,0,0,0,1,0,2,2,3,0,2,1,3,1,3,0,2,2,2,3,1,1,0,2,3,0,1,0,1,2,2
philippines,1,2,1,0,2,2,0,2,0,0,0,1,0,0,3,1,0,1,2,1,3,1,1,3,0,0,1,1,0,0,0,2,1,1,0,1,3,2,1,1,3,3,1,1,0,0,0,2,3,1,2,1,1,1,1,0,1,2,0,0,0,2,3,0,0,1,0,1,1,2,2,2,3,1,0,0,0,0,0,2,1,1,0,0,1,0,1,0,2,1,1,0,2,0,0,1,2,1,1,0,0,0,0,2,2,0,2,1,0,0,2,0,1,0,2,0,0,1,3,2,3,1,1,2,0,0,2,1,2,1,1,0,2,2,2,3,1,0,1,3,0,0,0,0,0,0,3,2,2,2,0,2,1,2,1,0,1,3,1,1,0,2,1,0,2,0,0,3,1,3,0,0,1,0,2,2,3,0,2,1,2,1,1,0,2,2,1,2,1,1,0,2,3,0,1,0,1,2,2
poland,1,3,1,3,2,3,0,3,0,3,0,3,0,0,3,3,0,3,2,1,3,3,3,3,0,3,2,1,0,0,0,3,1,1,0,1,3,2,1,1,3,1,3,0,3,3,0,2,3,3,3,2,3,1,1,3,3,2,0,3,3,2,3,3,3,1,3,3,3,2,2,2,3,3,0,0,3,0,0,2,2,3,0,3,0,0,2,0,2,3,3,0,3,0,3,2,2,1,1,3,3,3,0,2,2,0,2,1,3,0,2,0,3,0,3,3,0,3,3,2,2,2,1,2,3,0,3,1,2,1,3,0,2,2,3,3,3,0,3,3,0,0,3,0,3,0,2,3,3,3,3,3,2,3,3,0,2,3,3,3,0,2,3,0,2,3,0,3,1,2,3,3,1,0,2,2,3,0,2,3,3,3,3,0,3,2,3,3,3,0,0,3,3,3,3,0,1,2,2
portugal,1,3,1,3,2,3,0,3,0,3,0,3,0,0,3,3,0,3,2,1,3,3,3,3,0,3,2,1,0,0,0,3,1,1,0,1,3,2,1,1,3,1,3,0,3,3,0,2,3,3,3,2,3,1,1,3,3,2,0,3,3,2,3,3,3,1,3,3,3,2,2,3,3,3,0,0,3,0,0,2,2,3,0,3,0,0,2,0,2,3,3,0,3,0,3,2,3,1,1,3,3,3,0,2,2,0,2,1,3,0,2,0,3,0,3,3,0,3,3,2,2,3,1,2,3,0,3,1,2,1,3,0,2,2,3,3,3,0,3,3,0,3,0,0,3,0,2,3,3,3,3,3,2,3,3,0,2,3,3,3,0,2,3,0,2,3,0,3,1,0,3,3,1,0,2,2,3,0,2,3,3,3,3,0,3,2,3,3,3,0,0,3,3,3,3,0,1,2,2
qatar,1,2,1,0,2,2,0,3,0,0,0,3,0,0,3,3,0,1,2,1,2,3,3,3,0,0,1,1,0,0,0,2,1,1,0,3,3,2,1,1,3,1,1,0,0,0,0,2,3,3,3,1,3,1,1,0,3,2,0,0,0,2,1,3,0,1,0,1,3,2,2,2,3,3,0,0,0,0,0,2,1,1,0,0,1,0,3,0,2,1,3,0,2,0,0,3,2,1,1,0,0,0,0,2,2,0,2,1,0,0,2,0,1,0,2,0,0,3,3,2,2,1,1,2,0,0,3,1,2,1,1,0,3,2,2,3,3,0,2,1,0,0,0,0,0,3,3,3,1,2,0,3,1,2,3,0,2,3,1,1,0,2,3,0,2,0,0,3,3,2,0,0,3,0,2,2,3,0,2,1,1,3,3,0,2,2,3,3,0,1,0,2,3,0,3,0,2,2,2
romania,1,3,1,3,2,3,0,3,0,3,0,3,0,0,3,3,0,3,2,1,2,3,3,3,0,3,1,1,0,0,0,3,1,1,0,1,3,2,1,1,3,1,3,0,3,3,0,2,3,3,3,2,3,1,1,3,1,2,0,3,3,2,3,3,3,1,3,3,3,2,2,2,3,3,0,0,3,0,0,2,2,3,0,3,2,0,2,0,2,3,3,0,2,0,3,2,2,1,1,3,3,3,0,2,2,0,2,1,3,0,2,0,3,0,3,3,0,3,3,2,2,2,1,2,3,0,3,1,2,1,3,0,2,2,3,3,3,0,3,3,0,3,3,0,0,0,2,3,3,3,3,3,2,3,3,0,2,3,3,3,0,2,1,0,2,3,0,3,1,2,3,3,1,0,2,3,0,0,2,3,3,3,3,0,3,2,3,3,3,1,0,3,3,3,3,0,1,3,2
russian-federation,1,2,1,0,2,3,0,3,0,0,0,3,0,0,3,3,0,1,2,1,3,3,3,3,0,0,1,1,0,0,0,3,1,1,0,1,3,2,1,1,3,1,1,3,0,0,0,2,3,3,3,2,3,1,1,0,3,2,0,0,0,2,3,3,0,1,0,3,3,2,2,3,3,3,0,0,0,0,0,2,2,1,0,0,0,0,2,3,2,1,1,0,3,0,0,2,2,1,1,0,0,0,0,2,2,0,3,1,0,0,2,0,0,0,3,0,0,3,3,2,2,3,2,2,0,0,3,1,2,1,3,0,2,2,3,3,3,0,3,3,0,0,0,0,0,0,2,3,3,3,0,3,2,2,3,0,2,2,1,1,0,2,3,0,2,0,0,3,1,3,0,0,1,0,3,2,3,0,2,2,3,3,3,0,2,2,3,3,1,1,0,3,3,0,3,0,1,2,2
rwanda,1,2,1,0,3,2,0,1,0,0,0,1,0,0,3,1,0,1,3,1,2,1,1,1,0,0,1,3,0,0,0,2,3,3,0,1,2,2,2,3,1,1,1,0,0,0,0,2,3,1,3,1,1,1,1,0,1,2,0,0,0,2,3,0,0,3,0,3,1,3,2,2,3,1,0,0,0,0,0,2,1,1,0,0,1,0,2,0,3,1,1,0,2,0,0,1,2,1,1,0,0,0,0,2,2,0,2,2,0,0,2,0,1,0,2,0,0,1,1,2,1,2,1,2,0,0,2,1,2,1,1,0,2,2,2,3,1,0,1,1,0,0,0,0,0,0,0,2,1,2,0,3,1,2,1,0,2,3,1,1,0,2,1,0,2,0,0,3,1,2,0,0,1,0,2,3,0,0,2,1,1,1,1,0,2,3,1,2,1,1,0,2,3,0,1,0,1,2,2
saint-kitts-and-nevis,1,3,1,0,2,3,0,2,0,0,0,3,0,3,3,3,0,3,2,1,2,3,3,3,0,0,1,1,0,0,0,2,1,1,0,1,3,2,1,1,3,1,3,3,0,0,0,2,3,3,3,2,3,1,1,0,1,2,0,0,0,2,3,0,0,1,0,3,3,2,2,3,3,3,0,0,0,0,0,2,1,3,0,0,0,0,2,0,3,3,3,0,2,0,0,2,3,1,1,0,0,0,0,2,3,0,2,1,0,0,2,0,1,0,3,0,0,3,1,2,1,1,1,2,0,0,3,1,2,1,3,0,2,2,2,3,3,0,1,3,0,0,0,0,0,0,3,0,3,2,0,2,1,2,3,0,2,3,3,3,0,2,1,0,2,0,0,3,1,3,0,0,1,0,2,3,0,0,2,2,3,3,3,0,2,2,3,2,3,1,0,3,3,0,3,0,1,3,3
saint-lucia,1,2,1,0,2,3,0,2,0,0,0,3,0,0,3,1,0,3,2,1,2,3,3,1,0,0,1,1,0,0,0,2,1,1,0,1,3,2,1,1,3,1,3,3,0,0,0,2,3,3,3,2,3,1,1,0,3,2,0,0,0,2,3,0,0,1,0,3,3,2,2,3,3,3,0,0,0,0,0,2,1,3,0,0,0,0,2,0,3,3,3,0,2,0,0,1,3,1,1,0,0,0,0,2,3,0,2,1,0,0,2,0,1,0,3,0,0,3,1,2,1,1,1,2,0,0,3,1,2,1,1,0,2,2,2,3,3,0,1,3,0,0,0,0,0,0,2,3,0,2,0,2,1,2,1,0,2,3,3,3,0,2,1,0,2,0,0,3,1,3,0,0,1,0,2,3,0,0,2,2,3,3,2,0,2,2,2,2,3,1,0,3,3,0,3,0,1,3,3
samoa,1,2,1,0,2,3,0,2,0,0,0,3,0,3,3,1,0,3,2,1,2,3,3,1,0,0,1,1,0,0,0,2,1,1,0,1,3,2,1,1,3,1,3,0,0,0,0,2,3,1,3,2,1,1,1,0,3,2,0,0,0,2,3,0,0,1,0,3,1,2,2,2,3,1,0,0,0,0,0,2,1,3,0,0,0,0,2,0,3,3,3,0,2,0,0,2,3,1,1,0,0,0,0,2,3,0,2,1,0,0,2,0,1,0,3,0,0,3,1,2,1,1,2,2,0,0,2,1,2,1,1,0,2,3,2,3,3,0,1,3,0,0,0,0,0,0,2,2,3,0,0,2,1,2,1,0,2,3,3,3,0,2,1,0,2,0,0,3,1,2,0,0,1,0,2,3,0,0,2,2,3,1,1,0,2,2,2,2,3,1,0,2,3,0,1,0,1,3,3
san-marino,1,3,1,3,2,3,0,3,0,3,0,3,0,0,3,3,0,1,2,1,2,3,3,3,0,3,1,1,0,0,0,3,1,1,0,3,3,2,1,1,3,1,3,0,3,3,0,2,3,3,3,2,3,1,1,3,3,2,0,0,3,2,3,0,3,1,3,3,3,2,2,2,3,3,0,0,3,0,0,2,1,3,0,3,0,0,2,0,3,1,3,0,3,0,3,2,3,1,1,3,3,3,0,2,2,0,2,1,3,0,2,0,3,0,3,3,0,3,3,2,1,1,1,2,3,0,3,1,2,1,3,0,2,2,2,3,3,0,1,3,0,3,3,0,3,0,2,2,3,2,0,3,2,2,3,0,1,3,3,3,0,2,3,3,2,3,0,3,1,2,3,3,1,0,2,2,3,0,2,1,1,3,3,0,2,2,3,3,3,0,0,3,3,3,3,0,1,2,2
sao-tome-and-principe,1,2,1,0,2,2,0,1,0,0,0,3,0,0,1,1,0,1,3,1,2,1,1,1,0,0,2,1,0,0,0,2,1,1,0,1,2,2,1,1,3,1,1,0,0,0,0,2,3,1,3,2,3,1,1,0,1,2,0,0,0,2,3,0,0,2,0,1,3,2,2,2,3,3,0,0,0,0,0,2,1,1,0,0,1,0,2,0,2,1,3,0,2,0,0,1,2,1,1,0,0,0,0,2,2,0,2,1,0,0,2,0,1,0,2,0,0,1,1,2,1,2,1,2,0,0,3,1,2,1,1,0,2,2,2,3,3,0,1,1,0,0,0,0,0,0,3,2,2,2,0,0,1,2,1,0,1,3,1,1,0,2,3,0,2,0,0,3,1,2,0,0,1,0,2,2,0,0,2,1,1,1,1,0,2,2,1,2,1,1,0,2,1,0,1,0,1,2,2
saudi-arabia,1,2,1,0,2,2,0,1,0,0,0,1,3,0,3,3,0,1,2,1,2,1,3,1,0,0,1,1,0,0,0,2,1,1,0,1,2,2,1,1,1,1,1,0,0,0,0,2,3,1,3,3,3,1,1,0,1,2,0,0,0,2,1,3,0,1,0,1,3,2,2,2,3,3,0,0,0,0,0,2,1,1,0,0,1,0,3,0,2,1,3,0,3,0,0,3,2,1,1,0,0,0,0,2,2,0,2,1,0,0,2,0,1,0,2,0,0,1,3,2,2,1,1,2,0,0,3,1,2,1,1,0,3,2,2,3,3,0,1,1,0,0,0,3,0,0,2,3,1,2,0,2,0,2,1,0,2,2,1,1,0,2,3,0,2,0,0,3,1,2,0,0,3,0,2,2,0,0,2,1,1,3,2,0,2,2,3,3,1,1,0,2,3,0,1,0,2,2,2
senegal,1,2,1,0,2,2,0,1,0,0,0,1,0,0,3,1,0,1,3,1,2,1,1,1,0,0,3,1,0,0,0,3,3,3,0,1,2,2,2,1,1,3,1,0,0,0,0,2,3,1,2,1,1,1,1,0,1,2,0,0,0,2,3,0,0,3,0,1,1,3,3,2,3,1,0,0,0,0,0,2,1,1,0,0,1,0,1,0,2,1,1,0,2,0,0,1,2,3,1,0,0,0,0,2,2,0,2,3,0,0,3,0,1,0,2,0,0,1,3,2,1,1,1,2,0,0,2,3,3,1,1,0,2,2,2,3,1,0,1,1,0,0,0,0,0,0,2,2,2,2,0,2,1,0,1,0,3,3,1,1,0,2,1,0,2,0,0,3,1,2,0,0,1,0,2,2,0,0,3,1,1,3,1,0,2,2,1,2,1,1,0,2,1,0,1,0,1,2,2
serbia,1,3,1,0,2,2,0,3,0,0,0,1,0,0,3,3,0,1,2,1,2,3,1,3,0,3,1,1,0,0,0,2,1,1,0,3,3,2,1,1,3,1,3,3,3,0,0,2,3,3,3,2,1,1,1,0,3,2,0,0,0,2,3,0,0,1,0,3,1,2,2,2,3,1,0,0,0,0,0,2,1,1,0,0,2,0,2,0,2,1,3,0,3,0,0,2,2,1,1,0,0,0,0,2,2,0,2,1,0,0,2,0,1,0,3,0,0,3,1,2,2,1,1,2,0,0,2,1,2,1,3,0,2,2,2,3,3,0,1,3,0,0,0,0,0,3,2,2,1,2,0,2,1,2,0,0,1,3,3,3,0,2,1,0,2,0,0,3,1,3,0,0,1,0,2,2,0,0,2,1,3,3,3,0,2,2,3,3,1,1,0,3,3,0,1,0,1,3,2
seychelles,1,3,3,0,3,3,0,1,0,0,0,3,0,3,3,3,0,3,3,1,2,3,3,3,0,0,1,1,0,0,0,2,1,1,0,3,2,2,1,1,3,3,3,0,0,0,0,2,3,3,3,2,1,1,1,0,3,2,0,0,0,2,3,0,0,3,0,3,1,2,2,2,3,1,0,0,0,0,0,2,1,3,0,0,0,0,2,0,3,3,3,0,2,0,0,1,3,1,1,0,0,0,0,2,3,0,2,1,0,0,2,0,1,0,3,0,0,3,1,2,1,3,1,2,0,0,2,1,3,1,3,0,2,2,2,3,3,0,1,1,0,0,0,0,0,3,2,3,3,2,0,2,1,2,3,0,2,3,3,3,0,2,3,0,2,0,2,3,1,2,0,0,1,0,2,3,0,0,2,2,3,3,3,0,2,3,2,3,3,1,0,2,3,0,1,0,1,3,3
sierra-leone,1,2,1,0,2,2,0,1,0,0,0,3,0,3,3,1,0,3,3,1,2,1,3,1,0,0,3,1,0,0,0,3,1,1,0,1,2,2,1,1,1,3,1,1,0,0,0,2,3,1,3,1,1,1,1,0,3,2,0,0,0,2,3,0,0,3,0,3,1,3,3,2,3,1,0,0,0,0,0,2,1,1,0,0,0,0,1,0,3,3,1,0,2,0,0,1,3,3,1,0,0,0,0,2,2,0,2,3,0,0,2,0,1,0,2,0,0,1,1,2,1,2,1,2,0,0,1,3,3,1,1,0,2,2,2,1,1,0,1,1,0,0,0,0,0,0,3,3,2,2,0,2,1,3,1,0,0,3,1,1,0,2,1,0,2,0,1,3,1,2,0,0,1,0,2,2,0,0,3,1,3,1,1,0,2,3,1,1,1,1,0,2,3,0,1,0,1,2,2
singapore,1,3,1,3,3,3,0,3,0,0,0,3,0,0,3,3,0,3,2,1,2,3,3,3,0,0,3,1,0,0,0,3,1,1,0,3,3,2,1,1,3,3,3,3,3,3,0,3,3,3,3,2,3,1,1,0,3,2,0,3,3,2,3,0,3,3,3,3,3,3,2,2,3,3,0,0,0,0,0,2,1,3,0,0,0,0,2,0,3,3,3,0,3,0,0,2,3,1,1,3,0,3,0,2,2,0,2,1,0,0,2,0,3,0,3,3,0,3,3,2,3,3,1,2,3,0,3,1,2,1,3,0,2,2,2,3,3,0,3,3,0,0,3,0,0,2,2,3,3,2,0,2,2,3,3,0,2,0,3,3,0,2,3,0,2,0,2,3,1,0,3,3,1,0,2,3,3,0,2,2,3,3,3,0,2,3,2,2,3,0,0,3,3,0,1,0,1,3,3
slovakia,1,3,1,3,2,3,0,3,0,3,0,3,0,0,3,3,0,3,2,1,3,3,3,3,0,3,2,1,0,0,0,3,1,1,0,1,3,2,1,1,3,1,3,0,3,3,0,2,3,3,3,2,3,1,1,3,3,2,0,3,3,2,3,3,3,1,3,3,3,2,2,2,3,3,0,0,3,0,0,2,2,3,0,3,0,0,2,0,2,3,3,0,3,0,3,2,2,1,1,3,3,3,0,2,2,0,2,1,3,0,2,0,3,0,3,3,0,3,3,2,2,2,1,2,3,0,3,1,2,1,3,0,2,2,3,3,3,0,3,3,0,3,3,0,3,0,2,3,3,3,3,3,2,3,3,0,2,3,0,3,0,2,1,0,2,3,0,3,1,0,3,3,1,0,2,2,3,0,2,3,3,3,3,0,3,2,3,3,3,0,0,3,3,3,3,0,1,2,2
slovenia,1,3,1,3,2,3,0,3,0,3,0,3,0,0,3,3,0,3,2,1,3,3,3,3,0,3,2,1,0,0,0,3,1,1,0,1,3,2,1,1,3,1,3,0,3,3,0,2,3,3,3,2,3,1,1,3,3,2,0,3,3,2,3,3,3,1,3,3,3,2,2,2,3,3,0,0,3,0,0,2,2,3,0,3,0,0,2,0,2,3,3,0,3,0,3,2,2,1,1,3,3,3,0,2,2,0,2,1,3,0,2,0,3,0,3,3,0,3,3,2,2,1,1,2,3,0,3,1,2,1,3,0,2,2,3,3,3,0,3,3,0,3,3,0,3,0,2,3,3,3,3,3,2,3,3,0,2,3,3,0,0,2,1,3,2,3,0,3,1,0,3,3,1,0,2,2,3,0,2,3,3,3,3,0,3,2,3,3,3,0,0,3,3,3,3,0,1,2,2
solomon-islands,1,2,1,0,2,3,0,2,0,0,0,3,0,0,3,1,0,3,2,1,2,3,3,1,0,0,1,1,0,0,0,2,1,1,0,1,3,2,1,1,3,1,3,0,0,0,0,2,3,3,3,2,3,1,1,0,3,2,0,0,0,2,3,0,0,1,0,3,3,2,2,2,3,3,0,0,0,0,0,2,1,3,0,0,0,0,2,0,3,3,3,0,2,0,0,1,3,1,1,0,0,0,0,2,2,0,2,1,0,0,2,0,1,0,3,0,0,1,1,2,1,1,2,2,0,0,3,1,2,1,1,0,2,2,2,3,3,0,1,3,0,0,0,0,0,0,2,3,3,2,0,2,1,2,1,0,2,3,3,3,0,2,1,0,2,0,0,3,1,2,0,0,1,0,2,3,0,0,2,2,3,1,1,0,2,3,2,3,3,1,0,2,3,0,1,0,1,3,3
somalia,1,2,1,0,2,2,0,1,0,0,0,1,0,0,1,1,0,1,3,1,2,1,1,1,0,0,2,1,0,0,0,2,1,1,0,1,2,2,1,1,1,1,1,1,0,0,0,2,3,1,2,1,1,1,1,0,1,2,0,0,0,2,3,0,0,2,0,1,1,2,2,2,3,1,0,0,0,0,0,1,1,1,0,0,1,0,1,0,1,1,1,0,2,0,0,2,2,1,1,0,0,0,0,2,2,0,2,1,0,0,2,0,1,0,2,0,0,1,1,1,1,1,1,0,0,0,1,1,2,1,1,0,2,1,2,3,1,0,1,1,0,0,0,0,0,0,2,2,1,2,0,2,1,2,1,0,1,2,1,1,0,0,1,0,2,0,0,3,1,2,0,0,1,0,2,2,0,0,2,1,1,1,1,0,2,2,1,2,1,1,0,2,1,0,1,0,1,2,2
south-africa,1,2,1,0,3,3,0,2,0,0,0,3,0,0,3,1,0,3,3,1,2,1,3,3,0,0,1,1,0,0,0,2,1,1,0,1,2,2,1,1,3,1,1,0,0,0,0,2,3,3,3,1,3,1,1,0,3,2,0,0,0,2,3,0,0,2,0,3,3,2,2,3,3,3,0,0,0,0,0,2,1,3,0,0,0,0,2,0,3,1,3,0,2,0,0,1,3,1,1,0,0,0,0,2,3,0,2,1,0,0,2,0,1,0,2,0,0,1,1,3,2,3,1,2,0,0,3,1,2,1,1,0,2,2,2,3,3,0,3,3,0,0,0,0,0,0,2,3,3,2,0,2,1,2,1,0,2,3,1,1,0,2,0,0,2,0,0,3,1,2,0,0,1,0,2,3,3,0,2,1,3,3,2,0,2,2,1,2,1,1,0,2,3,0,3,0,1,3,3
south-korea,1,3,1,3,2,3,0,3,0,0,0,3,0,0,3,3,0,3,2,1,2,3,3,3,0,3,1,1,0,0,0,2,1,1,0,1,3,2,1,1,3,1,3,0,3,3,0,2,3,3,3,2,3,1,1,3,3,2,0,3,3,2,3,0,3,1,3,3,3,2,2,3,3,3,0,0,3,0,0,2,2,3,0,3,0,0,2,0,2,3,3,0,3,0,0,2,3,1,1,3,3,3,0,2,2,0,2,1,3,0,2,0,3,0,3,3,0,3,3,2,1,2,1,2,3,0,3,1,2,1,3,0,2,2,2,3,3,0,3,3,0,3,3,0,3,3,2,3,3,2,3,3,2,3,3,0,2,3,3,3,0,2,3,0,2,3,0,3,1,3,3,3,1,0,2,2,3,0,2,2,3,3,3,0,2,2,3,3,3,0,0,3,3,3,3,0,1,2,2
south-sudan,1,2,1,0,2,2,0,1,0,0,0,1,0,0,1,1,0,1,3,1,2,1,3,1,0,0,1,3,0,0,0,2,1,1,0,1,2,2,1,1,1,1,1,0,0,0,0,2,3,1,3,2,1,1,1,0,1,2,0,0,0,2,3,0,0,2,0,1,1,2,2,2,3,1,0,0,0,0,0,2,1,1,0,0,1,0,1,0,2,1,1,0,2,0,0,1,2,1,1,0,0,0,0,2,2,0,2,1,0,0,2,0,1,0,2,0,0,1,1,2,1,1,1,2,0,0,1,1,2,1,1,0,2,1,2,3,1,0,1,1,0,0,0,0,0,0,3,2,1,2,0,2,1,2,1,0,1,3,1,1,0,2,1,0,0,0,0,3,1,2,0,0,1,0,2,2,0,0,2,1,1,1,1,0,2,2,1,2,1,1,0,2,1,0,1,0,1,2,2
spain,1,3,1,3,2,3,0,3,0,3,0,3,0,0,3,3,0,3,2,1,3,3,3,3,0,3,2,1,0,0,0,3,1,1,0,1,3,2,1,1,3,1,3,0,3,3,0,2,3,3,3,2,3,1,1,3,3,2,0,3,3,2,3,3,3,1,3,3,3,2,2,3,3,3,0,0,3,0,0,2,2,3,0,3,0,0,2,0,2,3,3,0,3,0,3,2,3,1,1,3,3,3,0,2,2,0,2,1,3,0,2,0,3,0,3,3,0,3,3,2,2,3,2,2,3,0,3,1,2,1,3,0,2,2,3,3,3,0,3,3,0,3,3,0,3,0,2,3,3,3,3,3,2,3,3,0,2,3,3,3,0,2,3,0,2,0,0,3,1,0,3,3,1,0,2,2,3,0,2,3,3,3,3,0,3,2,3,3,3,0,0,3,3,3,3,0,1,2,2
sri-lanka,1,2,1,0,2,2,0,1,0,0,0,3,0,0,3,1,0,1,2,1,2,1,1,1,0,0,1,1,0,0,0,2,1,1,0,1,2,2,1,1,1,1,1,1,0,0,0,2,3,1,2,1,1,1,1,0,1,2,0,0,0,2,3,0,0,1,0,3,1,2,2,2,3,1,0,0,0,0,0,2,1,1,0,0,1,0,1,0,2,1,1,0,2,0,0,1,3,1,1,0,0,0,0,2,2,0,2,1,0,0,2,0,1,0,2,0,0,1,1,1,2,1,1,2,0,0,1,1,2,1,1,0,2,2,2,1,1,0,1,1,0,0,0,0,0,0,2,3,1,2,0,2,1,2,1,0,2,3,1,1,0,2,1,0,2,0,0,3,1,2,0,0,1,0,2,2,0,0,2,1,1,1,1,0,2,2,1,2,1,1,0,2,3,0,1,0,1,2,2
st.-vincent-and-the-grenadines,1,2,1,0,2,3,0,2,0,0,0,3,0,0,3,3,0,3,2,1,2,3,3,3,0,0,1,1,0,0,0,2,1,1,0,1,3,2,1,1,3,1,3,3,0,0,0,2,3,3,3,2,3,1,1,0,1,2,0,0,0,2,3,0,0,1,0,3,3,2,2,3,3,3,0,0,0,0,0,2,1,3,0,0,0,0,2,0,3,3,3,0,2,0,0,1,3,1,1,0,0,0,0,2,3,0,2,1,0,0,2,0,1,0,3,0,0,3,1,2,1,1,1,2,0,0,3,1,2,1,1,0,2,2,2,3,3,0,1,3,0,0,0,0,0,0,2,3,3,2,0,2,1,2,3,0,2,3,3,3,0,2,3,3,2,0,0,0,1,3,0,0,1,0,2,3,0,0,2,2,3,1,2,0,2,3,2,3,3,1,0,3,3,0,3,0,1,3,3
sudan,1,2,1,0,2,2,0,1,0,0,0,1,0,0,1,1,0,1,3,1,2,1,1,1,0,0,1,1,0,0,0,2,1,1,0,1,2,2,1,1,1,1,1,0,0,0,0,2,3,1,3,1,1,1,2,0,1,2,0,0,0,2,3,0,0,3,0,1,1,2,2,2,3,1,0,0,0,0,0,2,1,1,0,0,1,0,1,0,2,1,1,0,2,0,0,2,2,1,1,0,0,0,0,2,2,0,2,1,0,0,2,0,1,0,1,0,0,1,1,2,1,1,1,2,0,0,1,1,2,1,1,0,2,1,2,1,1,0,1,1,0,0,0,0,0,0,2,2,2,2,0,2,1,2,1,0,1,2,1,1,0,2,1,0,2,0,1,3,0,2,0,0,3,0,2,2,0,0,2,1,1,1,1,0,2,2,1,2,1,1,0,2,1,0,1,0,1,2,2
suriname,1,2,1,0,2,3,0,2,0,0,0,3,0,0,3,1,0,3,2,1,2,1,1,3,0,0,1,1,0,0,0,2,1,1,0,1,3,2,1,1,3,1,1,0,0,0,0,2,3,3,3,2,1,1,1,0,1,2,0,0,0,2,3,0,0,1,0,3,1,2,2,3,3,1,0,0,0,0,0,2,1,1,0,0,0,0,2,0,2,1,1,0,2,0,0,1,2,1,1,0,0,0,0,2,2,0,2,1,0,0,2,0,1,0,2,0,0,1,1,2,1,1,1,2,0,0,2,1,2,1,1,0,2,2,2,3,1,0,1,3,0,0,0,0,0,0,2,3,3,2,0,2,1,2,3,0,1,3,1,1,0,2,1,0,2,3,0,3,1,0,0,0,1,0,2,2,0,0,2,1,3,1,2,0,2,2,2,2,1,1,0,2,1,0,1,0,1,2,2
sweden,1,3,1,3,2,3,0,3,0,3,0,3,0,0,3,3,0,3,2,1,3,3,3,3,0,3,2,1,0,0,0,3,1,1,0,1,3,2,1,1,3,1,3,0,3,3,3,2,3,3,3,2,3,1,1,3,3,2,0,3,3,2,3,3,3,1,3,3,3,2,2,3,3,3,0,0,3,0,0,2,2,3,0,3,0,0,2,0,2,3,3,0,3,0,3,2,3,1,1,3,3,3,0,2,2,0,2,1,3,0,2,0,3,0,3,3,0,3,3,2,2,3,1,2,3,0,3,1,2,1,3,0,2,2,3,3,3,0,3,3,0,3,3,0,3,0,2,3,3,3,3,3,2,3,3,0,2,3,3,3,0,2,3,0,2,3,0,3,1,0,0,3,1,0,2,2,3,0,2,3,3,3,3,0,3,2,3,3,3,0,0,3,3,3,3,0,1,2,2
switzerland,1,3,1,3,2,3,0,3,0,3,0,3,0,0,3,3,0,3,2,1,3,3,3,3,0,3,2,1,0,0,0,3,1,1,0,1,3,2,1,1,3,1,3,0,3,3,0,2,3,3,3,2,3,1,1,3,3,2,0,3,3,2,3,3,3,1,3,3,3,2,2,3,3,3,0,0,3,0,0,2,2,3,0,3,0,0,2,0,2,3,3,0,3,0,3,2,3,1,1,3,3,3,0,2,2,0,2,1,3,0,2,0,3,0,3,3,0,3,3,2,2,3,1,2,3,0,3,1,2,1,3,0,2,2,2,3,3,0,3,3,0,3,3,0,3,2,2,3,3,2,3,3,2,2,3,0,2,3,3,3,0,2,3,0,2,3,0,3,1,0,3,0,1,0,2,2,3,0,2,3,3,3,3,0,3,2,3,3,3,0,0,3,3,3,3,0,1,2,2
syria,1,1,1,0,2,2,0,1,0,0,0,1,0,0,1,1,0,1,2,1,2,1,1,1,0,0,1,1,0,0,0,2,1,1,0,1,2,2,1,1,1,1,1,1,0,0,0,2,3,1,2,1,1,1,1,0,1,2,0,0,0,2,1,0,0,1,0,1,1,2,2,2,3,1,0,0,0,0,0,3,1,1,0,0,1,0,1,0,1,1,1,0,2,0,0,2,2,1,1,0,0,0,0,2,2,0,2,1,0,0,1,0,1,0,2,0,0,1,1,2,1,1,1,0,0,0,1,1,2,1,1,0,2,1,2,3,1,0,1,1,0,0,0,0,0,0,2,2,1,2,0,2,1,2,1,0,1,2,1,1,0,2,1,0,2,0,1,1,1,2,0,0,0,0,2,2,0,0,2,1,1,1,1,0,2,2,1,2,1,1,0,2,1,0,1,0,2,2,2
taiwan,1,3,1,0,2,3,0,2,0,0,0,1,0,0,1,1,0,3,2,1,2,3,1,1,0,0,2,1,0,0,0,2,1,1,0,2,3,2,1,1,3,1,3,0,0,0,0,2,3,3,3,2,1,1,1,0,3,2,0,0,0,2,3,0,0,1,0,1,3,2,2,2,3,3,0,0,0,0,0,2,1,3,0,0,1,0,2,0,2,3,3,0,2,0,0,1,2,2,1,0,0,0,3,2,2,0,2,1,3,0,2,0,1,0,2,0,0,3,1,2,2,1,2,2,0,0,3,1,2,1,3,0,2,1,2,3,3,0,3,3,0,0,0,0,0,0,2,3,3,2,0,2,2,2,1,0,1,3,3,3,0,2,1,0,2,0,0,3,1,2,0,0,1,0,2,2,0,0,2,1,1,1,2,0,3,2,3,2,3,0,0,2,3,0,1,0,1,2,2
tajikistan,1,1,1,0,2,3,0,3,0,0,0,1,0,0,3,3,0,1,2,1,2,1,1,1,0,0,1,1,0,0,0,2,1,1,0,1,2,2,1,1,1,1,1,0,0,0,0,2,3,1,3,1,1,1,1,0,1,2,0,0,0,2,3,3,0,1,0,1,1,2,2,2,3,1,0,0,0,0,0,2,1,1,0,0,2,0,2,3,1,1,1,0,1,0,0,2,2,1,1,0,0,0,0,2,2,0,2,1,0,0,2,0,1,0,3,0,0,1,1,2,1,3,1,2,0,0,2,1,2,1,1,0,2,2,2,3,1,0,1,1,0,0,0,0,0,3,2,2,1,2,0,2,1,2,1,0,2,2,1,1,0,2,1,0,2,0,0,3,1,2,0,0,1,0,0,2,0,0,2,1,1,3,3,0,2,2,3,2,1,1,0,3,1,0,1,0,1,2,2
tanzania,1,1,1,0,2,3,0,1,0,0,0,3,0,3,3,1,0,3,3,1,2,1,3,1,0,0,1,3,0,0,0,2,1,1,0,1,2,2,1,2,1,1,1,0,0,0,0,2,3,1,3,1,1,1,1,0,3,2,0,0,0,2,3,0,0,3,0,3,1,3,2,2,3,1,0,0,0,0,0,2,1,1,0,0,0,0,1,0,3,1,1,0,2,0,0,1,3,1,1,0,0,0,0,2,3,0,2,1,0,0,2,0,1,0,2,0,0,1,1,3,1,3,1,2,0,0,2,1,2,1,1,0,2,2,2,1,1,0,1,1,0,0,0,0,0,0,3,3,3,2,0,2,1,2,1,0,2,3,1,1,0,2,3,0,2,0,0,3,1,2,0,0,1,0,2,0,0,0,2,1,1,1,1,0,2,3,1,2,1,1,0,2,3,0,1,0,1,3,3
thailand,1,2,1,0,2,2,0,2,0,0,0,1,0,0,3,1,0,1,2,1,2,1,1,3,0,0,1,1,0,0,0,2,1,1,0,1,2,2,1,1,1,1,1,0,0,0,0,2,3,3,3,1,1,1,1,0,1,2,0,0,0,2,1,0,0,1,0,1,1,2,2,2,3,1,0,0,0,0,0,2,1,1,0,0,1,0,2,0,2,1,1,0,2,0,0,1,2,1,1,0,0,0,0,2,2,0,2,1,0,0,2,0,1,0,2,0,0,1,1,2,3,2,2,2,0,0,2,1,2,1,1,0,2,2,2,3,3,0,1,3,0,0,0,0,0,0,2,2,2,2,0,2,1,2,1,0,2,3,1,1,0,2,3,0,2,0,0,3,1,2,0,0,1,0,2,2,0,0,2,1,1,1,3,0,2,2,2,2,1,1,0,2,3,0,1,0,1,2,2
timor-leste,1,2,1,0,2,2,0,2,0,0,0,1,0,0,3,1,0,1,2,1,2,3,1,1,0,0,1,1,0,0,0,2,1,1,0,1,2,2,1,1,1,1,3,0,0,0,0,2,3,1,3,2,1,1,1,0,3,2,0,0,0,2,3,0,0,1,0,1,1,2,2,2,3,1,0,0,0,0,0,2,1,1,0,0,1,0,2,0,2,1,3,0,2,0,0,1,2,1,1,0,0,0,0,2,2,0,2,1,0,0,2,0,1,0,3,0,0,3,1,2,1,1,1,2,0,0,1,1,2,1,1,0,2,2,2,3,1,0,1,1,0,0,0,0,0,0,2,2,2,2,0,3,1,2,1,0,2,3,3,3,0,2,1,0,2,0,0,3,1,2,0,0,1,0,2,2,0,0,2,1,1,1,2,0,2,2,2,2,3,1,0,2,1,0,1,0,1,2,2
togo,1,2,1,0,2,2,0,1,0,0,0,1,0,0,1,1,0,1,3,1,2,1,1,1,0,0,3,1,0,0,0,3,1,3,0,1,2,2,2,1,1,3,1,0,0,0,0,2,3,1,3,1,1,1,1,0,1,2,0,0,0,2,3,0,0,3,0,1,1,3,3,2,3,1,0,0,0,0,0,2,1,1,0,0,1,0,1,0,2,1,1,0,2,0,0,1,2,3,1,0,0,0,0,2,2,0,2,3,0,0,2,0,1,0,2,0,0,1,1,2,1,2,1,2,0,0,2,3,3,1,1,0,2,2,2,1,1,0,1,1,0,0,0,0,0,0,2,2,2,2,0,2,1,3,1,0,3,3,1,1,0,2,1,0,2,0,0,3,1,2,0,0,1,0,2,2,0,0,0,1,1,1,1,0,2,2,1,2,1,1,0,2,1,0,1,0,1,2,2
tonga,1,2,1,0,2,2,0,2,0,0,0,3,0,3,3,1,0,3,2,1,2,3,3,1,0,0,1,1,0,0,0,2,1,1,0,3,2,2,1,1,3,1,3,0,0,0,0,2,3,3,3,2,1,1,1,0,3,2,0,0,0,2,3,0,0,1,0,3,1,2,2,2,3,1,0,0,0,0,0,2,1,3,0,0,0,0,2,0,3,3,3,0,2,0,0,1,3,1,1,0,0,0,0,2,2,0,2,1,0,0,2,0,1,0,3,0,0,1,1,2,1,1,2,2,0,0,2,1,2,1,1,0,2,3,2,3,3,0,1,3,0,0,0,0,0,0,2,3,3,2,0,2,1,2,1,0,2,3,3,3,0,2,1,0,2,0,0,3,1,2,0,0,1,0,2,3,0,0,2,0,3,1,1,0,2,3,1,2,3,1,0,2,3,0,1,0,1,3,3
trinidad-and-tobago,1,3,1,0,2,3,0,2,0,0,0,3,0,0,3,1,0,1,2,1,2,3,3,3,0,0,1,1,0,0,0,2,1,1,0,1,3,2,1,1,3,1,3,0,0,0,0,2,3,3,3,2,3,1,1,0,3,2,0,0,0,2,3,0,0,3,0,3,3,2,2,3,3,3,0,0,0,0,0,2,1,3,0,0,0,0,2,0,3,3,3,0,2,0,0,1,3,1,1,0,0,0,0,2,3,0,2,1,0,0,2,0,3,0,3,0,0,3,1,2,1,1,1,2,0,0,3,1,2,1,1,0,2,3,2,3,3,0,1,3,0,0,0,0,0,0,2,3,3,2,0,2,1,2,3,0,2,3,3,3,0,2,3,0,2,0,0,3,1,3,0,0,1,0,2,3,0,0,2,1,0,1,3,0,2,2,2,2,3,1,0,3,3,0,3,0,1,3,3
tunisia,1,2,3,0,2,2,0,1,0,0,0,1,0,0,3,1,0,3,3,1,2,1,1,3,0,0,2,1,0,0,0,2,1,1,0,1,2,2,1,1,1,3,1,0,0,0,0,2,3,1,3,1,1,3,1,0,1,2,0,0,0,3,3,0,0,2,0,1,1,3,2,2,3,1,0,0,0,0,0,2,1,1,0,0,1,0,2,0,2,3,1,0,2,0,0,2,2,1,3,0,0,0,0,2,2,0,2,3,0,0,3,0,1,0,2,0,0,1,3,2,1,2,1,2,0,0,2,3,2,1,1,0,2,2,2,3,1,0,1,1,0,0,0,0,0,0,2,2,1,2,0,2,1,3,3,0,1,2,1,1,0,2,3,0,2,0,0,3,1,2,0,0,3,0,2,2,0,0,2,1,1,0,3,0,2,2,1,2,1,1,0,2,3,0,1,0,1,2,2
turkey,1,3,1,0,2,3,0,2,0,0,0,3,0,0,3,3,0,3,2,1,3,3,3,3,0,0,2,1,0,0,0,2,1,1,0,1,3,2,1,1,3,1,1,0,0,0,0,2,3,3,3,1,3,1,1,0,3,2,0,0,0,2,3,3,0,1,0,1,3,2,2,2,3,3,0,0,0,0,0,3,1,1,0,0,0,0,3,3,2,1,3,0,3,0,0,2,2,1,2,0,0,0,0,2,2,0,2,1,0,0,2,0,0,0,3,0,0,3,3,2,2,2,1,2,0,0,3,1,2,1,3,0,2,2,2,3,3,0,3,3,0,0,0,0,0,2,2,3,3,2,0,3,1,2,3,0,2,3,1,1,0,2,3,0,2,0,0,3,2,0,0,0,1,0,2,2,3,0,2,2,3,3,0,0,2,2,3,2,1,1,0,3,3,0,3,0,1,2,2
turkmenistan,1,2,1,0,2,3,0,2,0,0,0,1,0,0,3,1,0,1,2,1,2,1,1,1,0,0,1,1,0,0,0,2,1,1,0,1,2,2,1,1,1,1,1,0,0,0,0,2,3,1,3,1,1,1,1,0,1,2,0,0,0,2,3,3,0,1,0,1,1,2,2,2,3,1,0,0,0,0,0,2,1,1,0,0,2,0,2,0,2,1,1,0,2,0,0,2,2,1,1,0,0,0,0,2,2,0,2,1,0,0,2,0,1,0,2,0,0,1,1,2,1,3,1,2,0,0,2,1,2,1,1,0,2,2,2,3,1,0,1,1,0,0,0,0,0,0,2,2,1,2,0,2,1,2,1,0,2,2,1,1,0,2,1,0,2,0,0,3,1,2,0,0,1,0,2,2,0,0,2,1,1,3,3,0,2,2,1,2,1,1,0,2,1,0,1,0,1,2,2
tuvalu,1,2,1,0,2,3,0,2,0,0,0,3,0,0,3,1,0,3,2,1,2,3,3,1,0,0,1,1,0,0,0,2,1,1,0,1,2,2,1,1,3,1,3,0,0,0,0,2,3,3,3,2,3,1,1,0,3,2,0,0,0,2,3,0,0,1,0,3,3,2,2,2,3,3,0,0,0,0,0,2,1,3,0,0,0,0,2,0,3,3,3,0,2,0,0,1,3,1,1,0,0,0,0,2,3,0,2,1,0,0,2,0,1,0,3,0,0,1,1,2,1,1,2,2,0,0,3,1,2,1,1,0,2,2,2,3,3,0,1,3,0,0,0,0,0,0,2,3,3,2,0,2,1,2,1,0,2,3,3,3,0,2,1,0,2,0,0,3,1,2,0,0,1,0,2,3,0,0,2,2,3,1,1,0,0,2,2,2,3,1,0,2,3,0,1,0,1,3,3
uganda,1,2,1,0,2,3,0,1,0,0,0,3,0,0,3,1,0,3,3,1,2,1,3,1,0,0,1,3,0,0,0,2,1,1,0,1,2,2,1,1,1,1,1,0,0,0,0,2,3,1,3,1,1,1,3,0,3,2,0,0,0,2,3,0,0,3,0,3,1,2,2,2,3,1,0,0,0,0,0,2,1,1,0,0,0,0,1,0,3,1,1,0,2,0,0,1,3,1,1,0,0,0,0,2,3,0,2,1,0,0,2,0,1,0,2,0,0,1,1,2,2,2,1,2,0,0,2,1,2,1,1,0,2,2,2,1,1,0,1,1,0,0,0,0,0,0,3,3,2,2,0,2,1,2,1,0,2,3,1,1,0,2,1,0,2,0,1,3,1,2,0,0,1,0,2,3,0,0,2,1,1,1,1,0,2,0,1,2,1,1,0,2,3,0,1,0,1,3,3
ukraine,1,3,1,0,2,3,0,3,0,0,0,1,0,0,3,3,0,1,2,1,2,3,1,3,0,3,1,1,0,0,0,2,1,1,0,1,3,2,1,1,3,1,3,0,0,0,0,2,3,3,3,2,3,1,1,0,3,2,0,0,0,2,3,3,0,1,0,3,3,2,2,2,3,3,0,0,0,0,0,2,1,1,0,0,0,0,2,3,2,1,1,0,3,0,0,2,2,1,1,0,0,0,0,2,2,0,2,1,0,0,2,0,0,0,3,0,0,3,1,2,2,3,1,2,0,0,3,1,2,1,3,0,2,2,2,3,3,0,3,3,0,0,0,0,0,0,2,3,1,2,0,2,2,2,3,0,2,2,3,3,0,2,1,0,2,0,0,3,1,2,0,0,1,0,3,2,3,0,2,2,1,3,3,0,2,2,0,2,1,1,0,3,3,0,1,0,1,2,2
united-arab-emirates,1,3,1,0,2,3,0,3,0,0,0,3,3,0,3,3,0,1,2,1,2,3,3,3,0,3,3,2,0,0,0,2,2,3,0,3,3,2,2,2,3,2,3,3,0,0,0,2,3,3,3,3,3,2,1,0,1,2,0,0,0,2,3,3,0,1,3,3,3,2,2,2,3,1,0,0,0,0,0,2,1,3,0,0,1,0,3,3,2,1,3,0,3,0,0,3,2,2,1,0,0,0,0,2,2,0,2,3,3,0,2,0,3,0,3,0,0,3,3,2,1,2,3,2,0,0,3,2,2,1,3,0,3,2,2,3,3,0,3,3,0,0,0,3,0,3,2,3,3,2,0,3,3,2,3,0,2,3,3,3,0,2,3,0,2,0,0,3,3,0,0,0,3,0,2,2,3,0,2,3,1,3,2,0,2,2,3,0,0,1,0,3,3,0,1,0,2,2,2
united-kingdom,1,3,1,3,2,3,0,3,0,0,0,3,0,0,3,3,0,3,2,1,3,3,3,3,0,3,2,1,0,0,0,3,1,1,0,1,3,2,1,1,3,1,3,0,3,3,0,2,3,3,3,2,3,1,1,3,3,2,0,3,3,2,3,3,3,1,3,3,3,2,2,3,3,3,0,0,3,0,0,1,2,3,0,3,0,0,2,0,2,3,3,0,3,0,3,2,3,1,1,3,3,3,0,2,2,0,2,1,3,0,2,0,3,0,3,3,0,3,3,2,2,3,1,2,3,0,3,1,2,1,3,0,2,2,2,3,3,0,3,3,0,3,3,0,3,0,2,3,3,2,3,3,2,3,3,0,2,3,3,3,0,2,3,3,2,3,0,3,1,0,3,3,1,0,2,2,3,0,2,2,3,3,3,0,2,2,3,2,0,0,0,3,3,3,3,0,1,2,2
united-states-of-america,1,3,1,0,2,3,0,3,0,0,0,3,0,0,3,3,0,3,2,1,1,3,3,3,0,0,2,1,0,0,0,3,3,1,0,1,3,2,1,1,3,1,3,0,0,0,0,2,3,3,3,2,3,3,1,0,3,2,0,0,0,2,2,3,0,1,0,3,3,2,2,3,3,3,0,0,0,0,0,1,2,3,0,0,0,0,2,0,2,3,3,0,3,0,0,2,3,1,1,0,0,0,0,2,2,0,2,1,0,0,2,0,3,0,3,0,0,3,3,2,2,3,1,2,0,0,3,1,2,1,3,0,2,2,3,3,3,0,2,3,0,0,0,0,0,0,2,3,3,2,0,3,2,3,3,0,2,3,3,3,0,2,3,3,2,0,0,3,1,0,0,0,1,0,2,2,3,0,2,2,3,3,2,0,2,2,3,2,3,0,0,2,3,0,1,0,1,2,2
uruguay,1,3,1,0,2,2,3,3,0,0,0,3,0,0,3,3,0,3,2,1,3,3,3,3,0,3,1,1,0,0,0,2,1,1,0,1,3,2,1,1,3,1,3,0,3,0,0,2,3,3,3,2,3,1,1,3,3,2,0,0,0,2,1,0,3,1,3,3,3,2,2,3,3,3,0,0,3,0,0,2,1,3,0,3,0,0,2,0,2,1,3,0,2,0,0,2,2,1,1,0,3,3,0,2,2,0,2,1,0,0,2,0,3,0,3,0,0,3,1,2,2,1,1,2,3,0,3,1,2,1,3,0,2,2,2,3,3,0,3,3,0,0,3,0,3,0,2,3,3,2,3,2,1,2,3,0,1,3,3,3,0,2,3,0,2,3,0,3,1,0,3,3,1,0,2,2,0,0,2,1,3,1,3,0,2,2,3,3,3,1,0,2,3,3,3,0,1,2,2
uzbekistan,1,2,1,0,2,3,0,3,0,0,0,1,0,0,3,3,0,1,2,1,2,1,1,1,0,0,1,1,0,0,0,2,1,1,0,1,2,2,1,1,1,1,1,0,0,0,0,2,3,1,3,1,1,1,1,0,1,2,0,0,0,2,3,0,0,1,0,1,1,2,2,2,3,1,0,0,0,0,0,2,1,1,0,0,2,0,2,3,2,1,1,0,3,0,0,2,2,1,1,0,0,0,0,2,2,0,2,1,0,0,2,0,1,0,3,0,0,1,1,2,2,3,1,2,0,0,2,1,2,1,1,0,2,2,2,3,1,0,1,1,0,0,0,0,0,0,2,2,1,2,0,2,1,2,1,0,2,2,1,1,0,2,1,0,2,0,0,3,1,2,0,0,1,0,3,2,0,0,2,1,1,3,3,0,2,2,3,2,1,1,0,0,1,0,1,0,1,2,2
vanuatu,1,2,1,0,2,3,0,2,0,0,0,3,0,0,3,3,0,3,2,1,2,3,3,1,0,0,1,1,0,0,0,2,1,1,0,1,2,2,1,1,3,1,3,0,0,0,0,2,3,3,3,2,3,1,1,0,3,2,0,0,0,2,3,0,0,1,0,3,3,2,2,2,3,3,0,0,0,0,0,2,1,3,0,0,0,0,1,0,3,3,3,0,2,0,0,1,3,1,1,0,0,0,0,2,2,0,2,1,0,0,2,0,1,0,3,0,0,3,1,2,1,1,2,2,0,0,3,1,2,1,1,0,2,2,2,3,3,0,1,3,0,0,0,0,0,0,2,3,3,2,0,2,1,2,1,0,2,3,3,3,0,2,1,0,2,0,0,3,1,2,0,0,1,0,2,3,0,0,2,2,3,1,1,0,2,3,2,2,3,1,0,2,0,0,1,0,1,3,3
vatican-city,1,3,1,3,2,3,0,3,0,3,0,3,0,0,1,3,0,3,2,1,3,3,3,3,0,3,1,1,0,0,0,3,1,1,0,1,3,2,1,1,3,1,3,0,3,3,0,2,3,3,3,2,3,1,1,3,3,2,0,3,3,2,3,0,3,1,3,3,3,2,2,2,3,3,0,0,3,0,0,2,1,3,0,3,1,0,2,0,2,1,3,0,3,0,3,1,2,1,1,3,3,3,0,2,2,0,2,1,3,0,2,0,1,0,3,3,0,3,1,2,1,1,1,2,3,0,3,1,2,1,3,0,2,2,2,3,3,0,1,3,0,3,3,0,3,0,2,3,1,2,3,3,1,2,3,0,1,3,3,3,0,2,1,3,2,3,0,3,1,2,3,3,1,0,2,2,0,0,2,1,1,3,3,0,2,2,3,2,3,1,0,3,3,0,1,0,1,2,2
venezuela,1,3,1,0,2,3,0,2,0,0,0,3,0,0,3,3,0,3,2,1,3,3,3,3,0,0,2,1,0,0,0,2,1,1,0,1,3,2,1,1,3,1,3,0,0,0,0,2,3,1,2,2,1,1,1,0,1,2,0,0,0,2,3,0,0,1,0,3,1,2,2,2,3,1,0,0,0,0,0,3,1,1,0,0,0,0,2,0,2,1,3,0,2,0,0,2,2,1,1,0,0,0,0,2,2,0,2,1,0,0,2,0,3,0,3,0,0,3,1,2,2,2,1,2,0,0,3,1,2,1,3,0,2,2,2,3,1,0,3,1,0,0,0,0,0,3,2,3,1,2,0,2,1,2,1,0,1,3,3,3,0,2,3,3,2,0,0,3,1,0,0,0,1,0,2,2,0,0,2,1,1,1,3,0,2,2,1,2,1,1,0,2,1,0,0,0,1,2,2
viet-nam,1,2,1,0,2,2,0,1,0,0,0,1,0,0,3,1,0,1,2,1,2,1,1,1,0,0,1,1,0,0,0,2,1,1,0,1,2,2,1,1,1,1,1,0,0,0,0,2,3,1,1,1,1,1,1,0,1,2,0,0,0,2,1,0,0,1,0,1,1,2,2,2,3,1,0,0,0,0,0,2,1,1,0,0,1,0,1,0,2,1,1,0,1,0,0,1,2,1,1,0,0,0,0,2,2,0,2,1,0,0,2,0,1,0,2,0,0,1,1,2,3,2,1,2,0,0,1,1,2,1,1,0,2,2,2,3,3,0,1,1,0,0,0,0,0,0,2,2,2,2,0,2,1,2,1,0,2,3,1,1,0,2,1,0,2,0,0,3,1,2,0,0,1,0,2,2,3,0,2,1,1,1,1,0,2,2,1,2,1,1,0,2,1,0,1,0,1,2,2
yemen,1,2,1,0,2,2,0,1,0,0,0,1,0,0,1,1,0,1,2,1,2,1,1,1,0,0,1,1,0,0,0,2,1,1,0,1,2,2,1,1,1,1,1,1,0,0,0,2,3,1,1,1,1,1,1,0,1,2,0,0,0,2,1,0,0,1,0,1,1,2,2,2,3,1,0,0,0,0,0,0,1,1,0,0,1,0,1,0,1,1,1,0,2,0,0,2,2,1,1,0,0,0,0,2,2,0,2,1,0,0,2,0,1,0,2,0,0,1,1,2,1,1,1,2,0,0,1,1,2,1,1,0,2,1,2,3,1,0,1,1,0,0,0,0,0,0,2,2,1,2,0,2,1,1,1,0,1,2,1,1,0,2,1,0,2,0,0,3,3,2,0,0,3,0,2,2,0,0,2,1,1,1,1,0,2,2,1,2,1,1,0,2,1,0,1,0,0,2,2
zambia,1,2,1,0,3,3,0,1,0,0,0,3,0,3,3,1,0,3,3,1,2,1,3,1,0,0,1,1,0,0,0,2,1,1,0,1,2,2,1,1,1,1,1,0,0,0,0,2,3,1,3,1,1,1,1,0,3,2,0,0,0,2,3,0,0,2,0,3,1,2,2,2,3,1,0,0,0,0,0,2,1,1,0,0,0,0,1,0,3,3,1,0,2,0,0,1,3,1,1,0,0,0,0,2,3,0,2,1,0,0,2,0,1,0,1,0,0,1,1,3,1,3,1,2,0,0,2,1,2,1,1,0,2,2,2,1,1,0,1,1,0,0,0,0,0,0,2,3,3,2,0,2,1,2,1,0,2,3,1,1,0,2,3,0,2,0,0,3,1,2,0,0,1,0,2,3,0,0,2,1,3,1,2,0,2,3,1,2,1,1,0,2,3,0,1,0,1,0,3
zimbabwe,1,2,1,0,3,2,0,1,0,0,0,3,0,0,3,1,0,3,3,1,2,1,3,1,0,0,1,1,0,0,0,2,1,1,0,1,2,2,1,3,1,1,1,0,0,0,0,2,3,1,3,1,1,1,1,0,3,2,0,0,0,2,3,0,0,3,0,1,1,2,2,2,3,1,0,0,0,0,0,2,1,1,0,0,1,0,2,0,3,3,1,0,2,0,0,1,3,1,1,0,0,0,0,2,3,0,2,1,0,0,2,0,1,0,1,0,0,1,1,3,1,3,1,0,0,0,2,1,2,1,1,0,2,2,2,3,1,0,1,1,0,0,0,0,0,0,2,3,2,2,0,2,1,2,1,0,1,3,1,1,0,2,3,0,2,0,0,3,1,2,0,0,1,0,2,3,0,0,2,1,3,1,1,0,2,3,1,2,1,1,0,2,3,0,1,0,1,3,0
